Date,Name,,Ratings,Dugan Ratings,Name,Year,Name,Review,Watched Date,Name,Liked
2021-04-27,Joker,,3.5,7,Parasite,2019,The Muppet Christmas Carol,Everytime Kermit was on screen 10/10,2023-12-13,Pulp Fiction,Yes
2021-04-27,Knives Out,,3,6,Joker,2019,Drive-Away Dolls,They should make a Sukie and Curlie spin-off buddy cop movie.,2024-03-19,Get Out,Yes
2021-04-27,Pulp Fiction,,4.5,9,Knives Out,2019,Looper,Christopher Nolan if he didn’t make me rethink everything after watching.,2024-03-19,Spider-Man: Into the Spider-Verse,Yes
2021-04-27,Get Out,,4.5,9,Pulp Fiction,1994,Howl's Moving Castle,Justice for Scarecrow,2024-03-19,The Dark Knight,Yes
2021-04-27,Spider-Man: Into the Spider-Verse,,5,10,Inception,2010,Ocean's Eleven,Lyman Zerga is the greatest fake name in cinematic history,2024-03-26,Jojo Rabbit,Yes
2021-04-27,Fight Club,,3,6,Get Out,2017,Léon: The Professional,Gary Oldman is evil Jim Carey in this,2024-05-15,Baby Driver,Yes
2021-04-27,The Dark Knight,,4.5,9,Lady Bird,2017,Split,He should’ve been nominated.. too bad M. Night writes his dialogue.,2024-05-17,Inglourious Basterds,Yes
2021-04-27,Jojo Rabbit,,5,10,Spider-Man: Into the Spider-Verse,2018,Interstellar,Oh no I’m basic,2024-05-21,The Wolf of Wall Street,Yes
2021-04-27,Baby Driver,,5,10,Fight Club,1999,Kiki's Delivery Service,How is every single character likable and charming.. classic Ghibli,2024-08-20,Avengers: Infinity War,Yes
2021-04-27,Inglourious Basterds,,5,10,The Dark Knight,2008,Hit Man,It might being super predictable but the dialog is fantastic so. If I can’t have both I’ll definitely choose this alternative.,2024-08-20,Avengers: Endgame,
2021-04-27,Black Panther,,2,4,Interstellar,2014,Full Metal Jacket,"First half, 9 or 9.5 out of 10.. too bad that second half is like a 5 and makes it feel like a 3 hour movie.",2024-08-20,Mad Max: Fury Road,Yes
2021-04-27,The Wolf of Wall Street,,4,8,Jojo Rabbit,2019,Alien: Romulus,Freaky alien baby lankyman was not on my bingo card,2024-08-20,Arrival,Yes
2021-04-27,Avengers: Infinity War,,5,10,Baby Driver,2017,Manos: The Hands of Fate,What a terrible movie… can’t wait to make it a drinking game,2024-08-26,1917,Yes
2021-04-27,Uncut Gems,,2,4,Inglourious Basterds,2009,Nazis at the Center of the Earth,PlayStation 2 Hagrid looked better than most CGI in this.,2024-08-26,The Social Network,Yes
2021-04-27,Gone Girl,,3.5,7,Whiplash,2014,Rebel Ridge,He somehow never killed.. except that one dudes arm,2024-09-09,Marriage Story,Yes
2021-04-27,Avengers: Endgame,,5,10,Black Panther,2018,The Jerk,Wished he pulled apart more churches,2024-09-15,Guardians of the Galaxy,Yes
2021-04-27,Mad Max: Fury Road,,4,8,The Wolf of Wall Street,2013,Boy Kills World,Every movie should have a camera kill,2024-09-15,The Godfather,Yes
2021-04-27,Arrival,,4.5,9,Avengers: Infinity War,2018,Your Lucky Day,If the first hour was cut off it would be a very interesting short film,2024-09-15,Forrest Gump,Yes
2021-04-27,Eternal Sunshine of the Spotless Mind,,3,6,Uncut Gems,2019,Kill Bill: Vol. 2,Tarantino studied yapology for this one,2024-10-04,Coco,Yes
2021-04-27,1917,,4,8,Gone Girl,2014,Upgrade,Not corny AI bad movie?? 2018>> 2024,2024-10-04,Inside Out,Yes
2021-04-27,Django Unchained,,3.5,7,Avengers: Endgame,2019,Room,Wooooh they escaped!! Wait why is this still depressing?,2024-10-16,Spider-Man: Homecoming,Yes
2021-04-27,The Social Network,,5,10,Mad Max: Fury Road,2015,Red One,Best thing that would come out of this would be a Krampus spin-off movies,2024-11-18,The Lord of the Rings: The Fellowship of the Ring,Yes
2021-04-27,Marriage Story,,4,8,Arrival,2016,The Star Wars Holiday Special,"Truly horrible, volcano head man is the worst character ever created even with just 2 minutes of screen time.",2024-12-16,Booksmart,Yes
2021-04-27,Guardians of the Galaxy,,4,8,Spirited Away,2001,Nosferatu,Freakeratu,2025-01-03,GoodFellas,Yes
2021-04-27,Dunkirk,,3,6,Eternal Sunshine of the Spotless Mind,2004,Love & Mercy,Paul Giamatti super villain reminded me of Gary Oldman in Leon,2025-01-13,Captain America: Civil War,Yes
2021-04-27,The Godfather,,4.5,9,1917,2019,Snack Shack,Summer coming of age might be the best sub-genre,2025-01-15,Logan,Yes
2021-04-27,Soul,,3,6,Django Unchained,2012,A Complete Unknown,Genre may be getting bloated but another Johnny Cash movie may be necessary,2025-01-15,The Martian,Yes
2021-04-27,Thor: Ragnarok,,3.5,7,The Social Network,2010,A Real Pain,I don’t know if I could survive more than 1 day with him,2025-01-20,Captain America: The Winter Soldier,Yes
2021-04-27,Star Wars: The Force Awakens,,3,6,Marriage Story,2019,The Beach Boys,"Did really well the show the start of the band up
to Smiley Smile.. why isn’t that part one of a miniseries?",2025-01-20,Iron Man,Yes
2021-04-27,Forrest Gump,,4.5,9,Guardians of the Galaxy,2014,Little Miss Sunshine,Same casting director as Breaking Bad?,2025-01-21,The Incredibles,Yes
2021-04-27,Coco,,4,8,Dunkirk,2017,Number 24,Norwegian Adrian Brody does not mess around,2025-01-21,The Perks of Being a Wallflower,Yes
2021-04-27,Deadpool,,3.5,7,The Godfather,1972,Arcadian,I need to get a hand on that nondescript medicine to solve all my problems,2025-01-26,The Lord of the Rings: The Two Towers,Yes
2021-04-27,A Quiet Place,,3.5,7,Soul,2020,Between the Temples,This is two movies: the dinner scene and then everything else,2025-01-27,There Will Be Blood,Yes
2021-04-27,Inside Out,,4,8,Thor: Ragnarok,2017,Emilia Pérez,Would go up an entire star if someone edited out every music number,2025-01-30,Good Will Hunting,Yes
2021-04-27,Spider-Man: Homecoming,,4,8,Star Wars: The Force Awakens,2015,The Fall Guy,Give stunts an Oscar nomination already,2025-01-31,Kingsman: The Secret Service,Yes
2021-04-27,Star Wars: The Last Jedi,,2.5,5,Scott Pilgrim vs. the World,2010,The Equalizer,The 2000s movie of all time made in 2014?? Director must’ve loved Evanescence music videos,2025-01-31,Saving Private Ryan,Yes
2021-04-27,The Lord of the Rings: The Fellowship of the Ring,,4.5,9,Forrest Gump,1994,Woman of the Hour,Tony Hale’s humor can’t even be stopped from a disturbing serial killer movie,2025-02-04,Superbad,Yes
2021-04-27,The Avengers,,3,6,Coco,2017,Laserblast,Michael Bay’s wet dream,2025-02-06,The SpongeBob SquarePants Movie,Yes
2021-04-27,Booksmart,,4,8,Deadpool,2016,Wallace & Gromit: Vengeance Most Fowl,Train chase may have the greatest establishing shot for no reason,2025-02-13,A Quiet Place Part II,Yes
2021-04-27,Guardians of the Galaxy Vol. 2,,3.5,7,A Quiet Place,2018,Oldboy,Thank you for giving us daredevil hallway scene,2025-02-15,Up,Yes
2021-04-27,GoodFellas,,4.5,9,Inside Out,2015,Captain America: Brave New World,“You stopped my plan so I’m turning myself in”.. put him with the other awful mcu villains,2025-02-16,"Monsters, Inc.",Yes
2021-04-27,Captain America: Civil War,,4,8,Spider-Man: Homecoming,2017,Chiefsaholic: A Wolf in Chiefs Clothing,Very interesting story.. too bad I hate everyone that appears in this,2025-02-18,Bo Burnham: Inside,Yes
2021-04-27,Logan,,5,10,Star Wars: The Last Jedi,2017,Saturday Night,Willem Defoe is going to get a nom for 3 minutes of screen time one of these years,2025-02-20,King Richard,Yes
2021-04-27,Star Wars: The Rise of Skywalker,,2.5,5,The Lord of the Rings: The Fellowship of the Ring,2001,Memento,Goddamnit Nolan.. I knew the twist before and he still blew my mind with who he actually is,2025-02-21,Spider-Man: Across the Spider-Verse,Yes
2021-04-27,Ratatouille,,3,6,The Avengers,2012,Hundreds of Beavers,Charlie Chaplin wishes he could’ve made this,2025-02-22,Guardians of the Galaxy Vol. 3,Yes
2021-04-27,Bohemian Rhapsody,,2.5,5,The Shawshank Redemption,1994,Wicked,This really puts into context the sins of Emilia Perez,2025-02-23,The Super Mario Bros. Movie,Yes
2021-04-27,The Martian,,4,8,The Empire Strikes Back,1980,Conclave,Kinda hope every pope picking is this petty,2025-02-23,Air,Yes
2021-04-27,Doctor Strange,,3.5,7,Booksmart,2019,I'm Still Here,But.. but they’re so happy in the beginning,2025-02-24,A Man Called Otto,Yes
2021-04-27,WALL·E,,3.5,7,Guardians of the Galaxy Vol. 2,2017,The Wild Robot,They should make a museum solely for every single frame in this,2025-02-24,Sisu,Yes
2021-04-27,Rogue One: A Star Wars Story,,3.5,7,GoodFellas,1990,September 5,What’s with the emphasis on ratings during this,2025-02-26,Puss in Boots: The Last Wish,Yes
2021-04-27,Captain America: The Winter Soldier,,5,10,Captain America: Civil War,2016,The Last of the Mohicans,A gorgeous shot movie having two random stock video shots of a waterfall is incredible,2025-02-27,Spirited Away,Yes
2021-04-27,Toy Story,,2.5,5,Spider-Man: Far From Home,2019,Anora,The house “fight” scene is my pick for scene of the year,2025-02-27,Whiplash,Yes
2021-04-27,Iron Man,,4,8,Logan,2017,Lord of War,No one can convince me Nick Cage is getting with someone in every country,2025-02-27,Top Gun: Maverick,Yes
2021-04-27,Wonder Woman,,2,4,Star Wars: The Rise of Skywalker,2019,Collateral,Audioslave jumpscare… twice???,2025-02-28,Hustle,Yes
2021-04-27,The Lobster,,1.5,3,Ratatouille,2007,Date Movie,An hour and a half ytp,2025-03-01,The Northman,Yes
2021-04-27,The Incredibles,,4.5,9,Bohemian Rhapsody,2018,A Haunted House,“Clean yo plate”,2025-03-01,It's Such a Beautiful Day,Yes
2021-04-27,The Big Lebowski,,2,4,The Martian,2015,Conan the Barbarian,The Northman if it had more camel being punched,2025-03-05,Treasure Planet,Yes
2021-04-27,The Perks of Being a Wallflower,,5,10,Doctor Strange,2016,Bone Tomahawk,They might be troglodytes but that was a impressively clean cut in half,2025-03-07,Troll 2,Yes
2021-04-27,Avengers: Age of Ultron,,3.5,7,Up,2009,Mickey 17,I’m gonna see Ruffulo’s teeth in my dreams for awhile,2025-03-08,Riders of Justice,Yes
2021-04-27,Titanic,,3,6,WALL·E,2008,Almost Famous,Goddamn I am the biggest sucker for white boy  coming of age stories,2025-03-10,The Batman,Yes
2021-04-27,Incredibles 2,,2.5,5,Rogue One: A Star Wars Story,2016,Nickel Boys,Not the best of the best picture noms but definitely the most interesting,2025-03-11,Rain Man,Yes
2021-04-27,The Lord of the Rings: The Two Towers,,4,8,Captain America: The Winter Soldier,2014,Greedy People,"Joseph Gordon Levitt should play more villains?? 
Also this drops all the comedy second half like it’s Mulan coming across the burned village",2025-03-12,CODA,Yes
2021-04-27,There Will Be Blood,,4,8,The Revenant,2015,Wind River,Disappointed with myself that I forgot to log this one,2025-03-13,Porco Rosso,Yes
2021-04-27,Good Will Hunting,,5,10,Toy Story,1995,The Northman,Can’t explain why but this movie makes me wants to punch down a tree,2025-03-14,Rushmore,Yes
2021-04-27,Fantastic Mr. Fox,,3.5,7,The Dark Knight Rises,2012,The Running Man,Imagine Arnold saying a one liner.. congrats you’ve seen the movie,2025-03-21,Klaus,Yes
2021-04-27,Ant-Man,,2.5,5,Iron Man,2008,Clueless,Donald Faison doesn’t have a line in this that misses.. also the most confusing case of incest or not in cinema,2025-03-26,The Mitchells vs. the Machines,Yes
2021-04-27,Deadpool 2,,3,6,Wonder Woman,2017,The Electric State,Bad music acting writing and editing.. but 2 starts for reminding me of fallout,2025-04-01,The Nightmare Before Christmas,Yes
2021-04-27,Dead Poets Society,,3,6,The Lobster,2015,Ichi the Killer,I’m convinced they designed characters’ costumes first and then made the story somehow fit.,2025-04-06,(500) Days of Summer,Yes
2021-04-27,Captain America: The First Avenger,,2.5,5,The Lord of the Rings: The Return of the King,2003,Interstella 5555: The 5tory of the 5ecret 5tar 5ystem,"Oh no, not a volcano!! *funky beat drop*",2025-04-07,The Last Duel,Yes
2021-04-27,Birds of Prey (and the Fantabulous Emancipation of One Harley Quinn),,1.5,3,The Hateful Eight,2015,Soylent Green,For 30 minutes the plot is a cop that steals shit,2025-04-08,The Rum Diary,Yes
2021-04-27,Kingsman: The Secret Service,,4,8,The Incredibles,2004,Look Back,All that in 59 minutes?? Based off runtime it’s the best black mirror episode there is,2025-04-08,Hell or High Water,Yes
2021-04-27,Palm Springs,,3,6,Moonrise Kingdom,2012,Fritz the Cat,"Can’t believe this had something interesting to say about radical ideology, too bad it’s padded out with long sex scenes inbetween",2025-04-10,The Trial of the Chicago 7,Yes
2021-04-27,Suicide Squad,,1,2,Psycho,1960,Save the Green Planet!,Dog named earth not being an alien dropped this half a star,2025-04-10,Godzilla vs. Kong,Yes
2021-04-27,The Nice Guys,,3.5,7,The Big Lebowski,1998,The Thing,So excited to watch 3 documentaries about how this was made,2025-04-11,Sing Street,Yes
2021-04-27,Saving Private Ryan,,4.5,9,The Perks of Being a Wallflower,2012,Flow,"The calmest movie I’ve ever seen, also would kill anyone that looks funny at capybara",2025-04-12,The Muppet Movie,Yes
2021-04-27,Shaun of the Dead,,3,6,Avengers: Age of Ultron,2015,Smokin' Aces,I diagnose this movie with ADHD,2025-04-14,The King of Comedy,Yes
2021-04-27,Princess Mononoke,,2,4,The Florida Project,2017,The Cat Returns,"Stop fat shaming Muta, gof forbid a man eats all the food in a kingdom",2025-04-14,The Intouchables,Yes
2021-04-27,Home Alone,,3.5,7,Titanic,1997,Who Killed Captain Alex?,"1 of 1 movie, nothing else will ever have dubbing that skips dialogue and hypes up action scenes instead",2025-04-15,Tucker and Dale vs. Evil,Yes
2021-04-27,Thor,,1,2,Incredibles 2,2018,The Incident,45 minutes for character introductions??? Such an interesting concept after having to sludge through the first half,2025-04-17,"Love, Simon",Yes
2021-04-27,What We Do in the Shadows,,3,6,The Lord of the Rings: The Two Towers,2002,The Game,Peele gotta make this into a horror remake,2025-04-22,The Naked Gun: From the Files of Police Squad!,Yes
2021-04-27,Sorry to Bother You,,2,4,Harry Potter and the Prisoner of Azkaban,2004,Porco Rosso,Please don’t make me pick between this and Last Duel for best 1v1 fight,2025-04-23,When Harry Met Sally...,Yes
2021-04-27,The Hunger Games,,1.5,3,Return of the Jedi,1983,Nurse Sherri,"Plot: 
terrible movie…. Good chase scene ……2nd half of terrible movie",2025-04-24,The Nice Guys,Yes
2021-04-27,Superbad,,4.5,9,There Will Be Blood,2007,Se7en,Mannnnn.. I wish I could have seen opening weekend at the theater,2025-04-25,Stand by Me,Yes
2021-04-27,The SpongeBob SquarePants Movie,,5,10,Good Will Hunting,1997,Sinners,Not having the dad come back as Michael B Jordan with white hair is a missed opportunity,2025-04-25,Blood & Gold,Yes
2021-04-27,Top Secret!,,3,6,Finding Nemo,2003,Xtro,Some leftover alien script and family drama script got morphed together,2025-04-28,Won't You Be My Neighbor?,Yes
2021-08-04,Old,,2,4,Fantastic Mr. Fox,2009,Blue Ruin,Ben killing Ted is the biggest act of friendship ever made in a movie,2025-04-30,Oppenheimer,Yes
2021-08-04,Black Widow,,3,6,Batman Begins,2005,Beavis and Butt-Head Do America,One day I’ll like my job as much as that lady likes doing cavity searches,2025-05-02,Hunt for the Wilderpeople,Yes
2021-08-04,A Quiet Place Part II,,4.5,9,Harry Potter and the Philosopher's Stone,2001,Amélie,Gonna double feature this with Kiki delivery service for the most wholesome 4 hours of my life,2025-05-03,Into the Wild,Yes
2021-08-04,Luca,,3.5,7,Ant-Man,2015,Trap,"Gay blonde Kid Cudi isn’t real, he can’t hurt you. Gay blonde Kid Cudi:",2025-05-06,"Crazy, Stupid, Love.",Yes
2021-08-04,Up,,4,8,The Lion King,1994,Seven Samurai,Woah.. feel like I just watched a full season of a tv show. This got me unbelievably hype to watch Ran next,2025-05-07,Kung Fu Panda,Yes
2021-08-04,The Tomorrow War,,1.5,3,Deadpool 2,2018,Come and See,"They must’ve hired an 80 year old to play him at the end, that cannot be the same guy",2025-05-07,Shane Gillis: Beautiful Dogs,Yes
2021-08-06,Bo Burnham: Inside,,4.5,9,"Monsters, Inc.",2001,Thriller: A Cruel Picture,Tarantino is a freak for requesting Daryl Hannah watch this for her role,2025-05-12,Kung Fu Panda 2,Yes
2021-11-30,King Richard,,4.5,9,Dead Poets Society,1989,The Foot Fist Way,This feels like a Danny McBride side character got a spinoff movie,2025-05-12,Set It Up,Yes
2021-11-30,Loki,,3,6,Toy Story 4,2019,Tombstone,Love the Cowboy killing Highlight reels,2025-05-13,The Muppet Christmas Carol,Yes
2021-11-30,Lady Bird,,3.5,7,Captain America: The First Avenger,2011,Bo Burnham: The Inside Outtakes,Is it sad I would watch a 5 hour cut of Inside?,2025-05-14,Dungeons & Dragons: Honor Among Thieves,Yes
2021-11-30,The Hateful Eight,,3.5,7,Birds of Prey (and the Fantabulous Emancipation of One Harley Quinn),2020,Poor Things,Don’t ask me why but this has similarities to Fritz the Cat,2025-05-15,BlackBerry,Yes
2021-11-30,Moonrise Kingdom,,3,6,Zootopia,2016,My Neighbor Totoro,I would’ve never thought I would watch a Miyazaki that would rival Porco Rosso,2025-05-16,Rango,Yes
2023-06-12,Spider-Man: Across the Spider-Verse,,5,10,Kingsman: The Secret Service,2014,Thunderbolts*,No wonder Sam wants to make a different team this one almost lost to a wall,2025-05-16,La La Land,Yes
2023-06-12,Air,,4,8,Palm Springs,2020,Ran,"I got giddy every time Lady Kaede was on screen, she insane",2025-05-18,Dune: Part Two,Yes
2023-06-12,A Man Called Otto,,3.5,7,Toy Story 3,2010,A Fish Called Wanda,"Hate to say it but wished the old lady had 10 more dogs for Ken, every scene with them was 10/10",2025-05-18,Looper,Yes
2023-06-12,Sisu,,3.5,7,Suicide Squad,2016,Shrek Forever After,Feels like a TV special. Also does my boy Puss so wrong,2025-05-20,Ocean's Eleven,Yes
2023-06-12,Champions,,2,4,The Nice Guys,2016,Tetris,"Behind white boy coming of age movies, product success story movies are my biggest guilty pleasures",2025-05-21,Léon: The Professional,Yes
2023-06-12,Puss in Boots: The Last Wish,,4,8,Saving Private Ryan,1998,Inside Moves,Why everybody touching each other in this? You can say a line without grabbing their shoulder,2025-05-27,Shrek 2,Yes
2023-06-12,The Pale Blue Eye,,2.5,5,Shaun of the Dead,2004,Altered States,Bonkers movie.. how science gonna explain how my guy turned into a whirlpool?,2025-05-28,Shrek,Yes
2023-06-12,Scream VI,,1,2,Iron Man 3,2013,Ted 2,Shoutout Matt Wible for having the craziest pick I’ve heard for favorite movie,2025-05-28,Hereditary,Yes
2023-06-12,Guillermo del Toro's Pinocchio,,2,4,Moana,2016,The Fog,I imagine Carpenter is smiling the entire time playing the synthesizer,2025-05-29,A Few Good Men,Yes
2023-06-12,The Super Mario Bros. Movie,,3,6,Princess Mononoke,1997,Raging Bull,Jail scene is so good you almost feel bad,2025-06-01,Storks,Yes
2023-06-12,Weird: The Al Yankovic Story,,2.5,5,Boyhood,2014,Terror Train,This was butt,2025-06-02,Split,Yes
2023-06-12,Spider-Man: No Way Home,,2.5,5,Ant-Man and the Wasp,2018,The Tune,That lovesick hotel song is a banger. Could’ve been 50 minutes instead but a fun watch,2025-06-02,Interstellar,Yes
2023-06-12,Last Night in Soho,,2.5,5,Home Alone,1990,American Gigolo,Last Act of this movie loses steam so quick for so much good setup. Also you see Richard’s Gere shift,2025-06-03,Inside Out 2,Yes
2023-06-12,Parasite,,3,6,One Flew Over the Cuckoo's Nest,1975,Cha Cha Real Smooth,Somebody recommend a bad white boy coming of age movie cause goddamn they can’t keep getting away with it,2025-06-04,Kiki's Delivery Service,Yes
2023-06-12,Spider-Man: Far From Home,,2.5,5,Die Hard,1988,Smiley Face,"Anna Faris should’ve been nominated and Steve does fuck skulls, can’t change my mind on either",2025-06-05,Hit Man,Yes
2023-06-12,Spirited Away,,4,8,Thor,2011,Prom Night,I guess they cut all the scenes where Leslie Nielsen makes 50 puns?,2025-06-05,The Killing,Yes
2023-06-12,"Monsters, Inc.",,3.5,7,Shrek,2001,Mad God,"Craziest shit I’ve ever seen and nothing comes close. Never runs out of ideas, no matter how weird or messed up they are",2025-06-06,Rebel Ridge,Yes
2023-06-18,Reservoir Dogs,,3,6,What We Do in the Shadows,2014,Ordinary People,"Nothing but powerhouse performances, a bit melodramatic.",2025-06-08,Upgrade,Yes
2023-06-18,Whiplash,,4,8,Sorry to Bother You,2018,The Elephant Man,"John Hurt can barely move and gives the most genuine performance I’ve ever seen, every line got me tearing up.",2025-06-09,Room,Yes
2023-06-20,The Flash,,1.5,3,The Hunger Games,2012,Paths of Glory,"Good to know people in power sucked just as much back then, all in different, terrible ways too",2025-06-12,Jingle All the Way,Yes
2023-06-20,Top Gun: Maverick,,4.5,9,Citizen Kane,1941,Scanners,"Main actor can’t go through 2 lines sounding believable, guy is awful. Music is banging though",2025-06-12,Snack Shack,Yes
2023-06-20,Thor: Love and Thunder,,3,6,Iron Man 2,2010,Whisper of the Heart,Did the Leo pointing at the screen when Lofi Girl showed up,2025-06-12,A Complete Unknown,Yes
2023-06-20,Hustle,,4,8,Superbad,2007,The Insider,Christopher Plummer’s acting so good he beat out my hate for corporate characters,2025-06-16,Honey Boy,Yes
2023-06-20,The Omega Man,,2,4,The SpongeBob SquarePants Movie,2004,Sherlock Jr.,"Everyone thank this for inspiring peak movie, Hundreds of Beavers",2025-06-17,Little Miss Sunshine,Yes
2023-06-20,Raya and the Last Dragon,,3,6,Top Secret!,1984,American Beauty,"Sooooo well made, but a tough watch thats even tougher with Kevin spacey context",2025-06-18,Number 24,Yes
2023-06-20,The Visitor,,2.5,5,Shrek 2,2004,Batman: Mask of the Phantasm,Batman but he’s a sad boi,2025-06-23,The Equalizer,Yes
2023-06-20,Attack the Block,,2,4,Old,2021,Wolfwalkers,Best Irish movie since Sing Street,2025-06-24,Oldboy,Yes
2023-06-20,Guardians of the Galaxy Vol. 3,,4,8,Black Widow,2021,The Green Mile,Greatest compliment I can give is that this movie felt shorter than Terror Train (97 minutes),2025-06-25,Memento,Yes
2023-06-20,Me Time,,2,4,A Quiet Place Part II,2020,Office Space,Little known fact that Milton becomes the Raven from Barry,2025-06-26,Hundreds of Beavers,Yes
2023-06-20,Chip 'n Dale: Rescue Rangers,,2.5,5,Luca,2021,Trainspotting,"Took about 3 minutes to turn on subtitles, I think Spud made up his own language",2025-06-26,Wicked,Yes
2023-06-20,It's Such a Beautiful Day,,4,8,Loki,2021,The Prestige,"Officially 0–30 guessing twists, feel personally attacked by Michael Caines narration saying I ain’t looking",2025-06-27,Conclave,Yes
2023-06-20,Doctor Strange in the Multiverse of Madness,,3,6,The Tomorrow War,2021,But I'm a Cheerleader,"Hit or miss comedy, but cared way more about Megan and Graham’s relationship than I thought I would’ve",2025-06-27,I'm Still Here,Yes
2023-06-20,Treasure Planet,,4,8,Bo Burnham: Inside,2021,Once Upon a Time... in Hollywood,Anora: the even worse ending,2025-06-29,The Wild Robot,Yes
2023-06-20,The Power of the Dog,,3,6,Last Night in Soho,2021,Go,If Gregg Araki made Pulp Fiction,2025-06-30,The Last of the Mohicans,Yes
2023-06-20,The Worst Person in the World,,3.5,7,King Richard,2021,F1,Kosinski could make a Zamboni race look cool as shit,2025-07-01,Anora,Yes
2023-06-20,Troll 2,,1,2,Spider-Man: Across the Spider-Verse,2023,The Straight Story,Felt like driving 2 hours without a car radio,2025-07-02,Collateral,Yes
2023-06-20,Dracula vs. Frankenstein,,0.5,1,Guardians of the Galaxy Vol. 3,2023,Lightyear,"Quality nose dives once the ragtag crew shows up, Sox is more than enough",2025-07-02,Date Movie,Yes
2023-06-20,Riders of Justice,,4.5,9,The Super Mario Bros. Movie,2023,How to Train Your Dragon,"This is 30 minutes longer than the original?? Where though, da credits?",2025-07-04,Bone Tomahawk,Yes
2023-06-20,The Batman,,4,8,Air,2023,10 Things I Hate About You,That was a really confusing way for Joey to gift Kat a guitar,2025-07-07,Almost Famous,Yes
2023-06-20,Val,,3,6,The Pale Blue Eye,2022,Say Anything...,"First 30 min: wow I haven’t seen a supportive dad in a movie in awhile
Last 30 min: nevermind",2025-07-08,Nickel Boys,Yes
2023-06-20,Licorice Pizza,,3.5,7,A Man Called Otto,2022,The Matrix,"Oozing style from start to finish, every reflection shot is 10/10",2025-07-09,Greedy People,Yes
2023-06-20,Red Rocket,,2,4,Sisu,2022,12 Angry Men,"Ranking Angry Men:
 #7 No one cares about your baseball game, did help with the fan though 
#10 Racist :(, was the reason for the best scene though 
#1 Ain’t no way you keep everything cordial but have no talking points the entire time??
#2 Gives sidekick energy, called racist man friend 
#12 Loves talking about his corporate job, has a nice story arch though
#5 Mid tier, gonna be the only one I forget from this movie 
#3 Maybe beats son :(, but has the best performance by far (So angry) 
#8 Observant about glasses, very cute grandpa 
#7 Likes to say “I don’t know”, but is the reason for the movie 
#6 Want to grab a beer with him, has my favorite line of the movie 
#4 Maybe sweats?, convinced this is how my rationale would go if I was there 
#11 goated, tells baseball man he sucks :)",2025-07-10,Wind River,Yes
2023-06-20,Rain Man,,4,8,Scream VI,2023,Superman,Wait Superman is supposed to be portrayed like a human??? Thought Snyder told me he was a heartless god,2025-07-10,Clueless,Yes
2023-06-20,Ride the Eagle,,1.5,3,Champions,2023,In Time,The 1v1 “fight” scene with the minutemen is so dumb and funny,2025-07-10,Interstella 5555: The 5tory of the 5ecret 5tar 5ystem,Yes
2023-06-20,Mr. Right,,3.5,7,Guillermo del Toro's Pinocchio,2022,"Mystery, Alaska",Man I wish Alaska was real,2025-07-13,Look Back,Yes
2023-06-20,Don't Look Up,,3,6,Puss in Boots: The Last Wish,2022,Frankie Freako,My dad is banned from picking movies for awhile,2025-07-14,Fritz the Cat,Yes
2023-06-20,"tick, tick... BOOM!",,3,6,Weird: The Al Yankovic Story,2022,The Ox-Bow Incident,12 Angry Men: the bad ending.,2025-07-14,The Thing,Yes
2023-06-20,The Harder They Fall,,1,2,Spider-Man: No Way Home,2021,My Big Fat Greek Wedding,Aunt Voula top 10 character ever written,2025-07-15,The Cat Returns,Yes
2023-06-20,CODA,,4,8,Reservoir Dogs,1992,Yor: The Hunter from the Future,I feel like Dom watching this many bad movies,2025-07-16,The Game,Yes
2023-06-20,21,,2.5,5,The Flash,2023,City of God,"Benny so goated not only did I not care he stole the main character’s girl, Rocket didn’t either",2025-07-18,Se7en,Yes
2023-06-20,Pig,,3.5,7,Top Gun: Maverick,2022,Dr. Strangelove or: How I Learned to Stop Worrying and Love the Bomb,All cause a general had weird sex,2025-07-19,Beavis and Butt-Head Do America,Yes
2023-06-20,Rushmore,,3.5,7,Thor: Love and Thunder,2022,Varsity Blues,A final act so much better you forget how bad of a raunchy high school comedy this tried to be,2025-07-20,Amélie,Yes
2023-06-20,Encanto,,3,6,Hustle,2022,Dog Day Afternoon,"Mannnn this Al Pacino guy is good, hope to see him in more stuff",2025-07-22,Seven Samurai,Yes
2023-06-20,Klaus,,5,10,The Omega Man,1971,Flora and Son,Very charming but surprisingly just meh music compared to Carney’s other movies,2025-07-22,Ilsa: Harem Keeper of the Oil Sheiks,Yes
2023-06-20,The Mitchells vs. the Machines,,3.5,7,Raya and the Last Dragon,2021,Safe Men,"Ending is baffling, how do you set up Paul giamatti blowing up cause of pants and not do it?",2025-07-24,Bo Burnham: The Inside Outtakes,Yes
2023-06-20,Belfast,,3.5,7,The Visitor,2007,Vertigo,"One of the best looking movies I’ve ever seen. Never wanted to go to San Fran more, hang every third shot in a museum",2025-07-25,Poor Things,Yes
2023-06-20,The Nightmare Before Christmas,,4,8,Attack the Block,2011,Happy Gilmore 2,John Daly saving a nostalgia bait cameo fest,2025-07-28,My Neighbor Totoro,Yes
2023-06-20,Dune,,2,4,The Northman,2022,Boxcar Bertha,Scorsese kissing Barbara Hershey for his cameo in this is some Tarantino type move,2025-07-29,Megamind,Yes
2023-06-20,(500) Days of Summer,,4,8,Day Shift,2022,Face/Off,"An absolute tragedy the casting Oscar wasn’t a thing in 1997, it peaked",2025-07-31,A Fish Called Wanda,Yes
2023-06-20,No Time to Die,,3,6,Me Time,2022,Five Corners,"Absolute shit-show of storytelling, characters have a combined 10 IQ",2025-08-03,Tetris,Yes
2023-06-20,The Last Duel,,3.5,7,Chip 'n Dale: Rescue Rangers,2022,Animal Kingdom,Double feature this with Superman if you want to lose all hope in humanity immediately,2025-08-03,Altered States,Yes
2023-06-20,Fast Times at Ridgemont High,,3,6,It's Such a Beautiful Day,2012,Castle in the Sky,"10/10 score, they cooked for 2 hours straight in the studio",2025-08-04,Raging Bull,Yes
2023-06-20,The Rum Diary,,3.5,7,Amsterdam,2022,The Fantastic 4: First Steps,Most traumatic childbirth since Quiet Place,2025-08-05,Cha Cha Real Smooth,Yes
2023-06-20,Hell or High Water,,3.5,7,Doctor Strange in the Multiverse of Madness,2022,Mary and Max,Ain’t no way they got me tearing up over claymation☹️,2025-08-06,Smiley Face,Yes
2023-06-20,Jackie Brown,,3,6,Treasure Planet,2002,It's Alive,There’s gotta be a good 70s horror I’ve never heard of right?,2025-08-06,Mad God,Yes
2023-06-20,The Green Knight,,2,4,The Power of the Dog,2021,The Hidden,"Kyle MacLachlan is a perfect casting as a weird FBI dude, something about the face. Also officially 1 for 300 on guessing twists",2025-08-07,Ordinary People,Yes
2023-06-20,The Losers,,3,6,The Worst Person in the World,2021,Cars,Cars be driving vroom vroom,2025-08-08,The Elephant Man,Yes
2023-06-20,"Three Billboards Outside Ebbing, Missouri",,3.5,7,Troll 2,1990,Legend,"Worst Tom Cruise performance, awful characters, bad action, but Tim Curry has never looked or sounded cooler. He never fails to be the best part of a movie",2025-08-10,Paths of Glory,Yes
2023-06-20,No Sudden Move,,2,4,Dracula vs. Frankenstein,1971,Wolfs,"They almost died cause of a dance circle, wish I was making that up",2025-08-12,The Insider,Yes
2023-06-20,The Trial of the Chicago 7,,4.5,9,Riders of Justice,2020,From Up on Poppy Hill,The kind of gorgeous animation that makes me avoid live action for a week,2025-08-12,Sherlock Jr.,Yes
2023-06-20,Godzilla vs. Kong,,3.5,7,The Batman,2022,Zodiac,Should’ve arrested him based off watch alone,2025-08-13,American Beauty,Yes
2023-06-20,Sing Street,,4.5,9,Val,2021,Weapons,The layout of the 2nd floor in the house was the real MVP,2025-08-14,Batman: Mask of the Phantasm,Yes
2023-06-20,Drive,,3.5,7,Licorice Pizza,2021,The Conversation,"Mannnnnn what a performance, what a movie. Haven’t seen a movie so patient with the story since Pig with Nick Cage.",2025-08-15,Wolfwalkers,Yes
2023-06-20,The Muppet Movie,,3.5,7,Red Rocket,2021,Ponyo,80% of the conflict is cause Liam Neeson fish dad has no chill,2025-08-18,The Green Mile,Yes
2023-06-20,In Bruges,,2.5,5,Rain Man,1988,Valley Girl,"https://open.spotify.com/playlist/75Wfi8Lt8KxzpDbpBjFUN2?si=ZHGI8oxMQRGWRBvigm-DDA&pi=go0PlPLWQmm4V

Here’s the soundtrack, saved you 99 minutes. You’re welcome",2025-08-20,Office Space,Yes
2023-06-20,High Fidelity,,2.5,5,Ride the Eagle,2021,The Seventh Seal,"That’s enough existential dread for the next month, thanks",2025-08-20,Trainspotting,Yes
2023-06-20,Possessor,,1,2,Mr. Right,2015,Punch-Drunk Love,"Basically the US version of Submarine (2010). Also it’s amazing, can’t believe I wasn’t excited to watch it",2025-08-21,The Prestige,Yes
2023-06-20,The King of Comedy,,4.5,9,Don't Look Up,2021,DodgeBall: A True Underdog Story,Any movie that Ben Stiller is playing the straight man is an injustice,2025-08-22,But I'm a Cheerleader,Yes
2023-06-20,True Romance,,3,6,"tick, tick... BOOM!",2021,Sexy Beast,This is how it felt as a kid when my parents’ cousins would stop by,2025-08-22,Go,Yes
2023-06-20,The Rookie,,2.5,5,The Harder They Fall,2021,From Dusk Till Dawn,You’re telling me nobody else could’ve played that part?? Tarantino a freak,2025-08-23,F1,Yes
2023-06-20,Pokémon Detective Pikachu,,2.5,5,CODA,2021,Sing Sing,That lady asking if he was acting the whole time during the interview is the most devastating thing I’ve seen since I’m Still Here,2025-08-24,10 Things I Hate About You,Yes
2023-06-20,Superman/Batman: Public Enemies,,2,4,21,2008,The Player,"The last 30 minutes loses me a bit, but I love the script here, and the million cameos that either hate Hollywood or got tricked into being in an anti Hollywood movie",2025-08-26,The Matrix,Yes
2023-06-20,The Breaker Upperers,,1.5,3,Pig,2021,Heat,"#1000

This milestone had to be celebrated with one I’ve been putting off for years. Pairing Pacino and De Niro with this story is enough for a great movie, but the script and characters make this stand with some of the other 2.5+ hour epics. 

How can you not love da movies",2025-08-26,12 Angry Men,Yes
2023-06-20,Safety Not Guaranteed,,2,4,Porco Rosso,1992,The Party,"I just wanna go to a party and wash an elephant now, didn’t know that’s what rich people did",2025-08-28,Superman,Yes
2023-06-20,The Intouchables,,3.5,7,Rushmore,1998,Lost in Translation,"Should’ve known this was gonna be fantastic, it’s Cha Cha Real Smooth but somehow more problematic",2025-08-29,My Big Fat Greek Wedding,Yes
2023-06-20,Project Power,,2,4,Encanto,2021,Paper Moon,"Still thinking about Ms Delight trying to get up the hill. First half is fantastic, what a duo",2025-09-01,City of God,Yes
2023-06-20,Tucker and Dale vs. Evil,,3.5,7,Klaus,2019,Hoodwinked!,Granny would beat up Lorax grandmom so badly,2025-09-07,Varsity Blues,Yes
2023-06-20,Annie Hall,,2,4,The Mitchells vs. the Machines,2021,The Parallax View,Damn that ending,2025-09-07,Face/Off,Yes
2023-06-20,"Love, Simon",,4,8,La La Land,2016,Phantasm,Shoutout the maid for showing up for 3 seconds and not noticing anything weird for 90 minutes,2025-09-10,The Fantastic 4: First Steps,Yes
2023-06-20,The Naked Gun: From the Files of Police Squad!,,4,8,Belfast,2021,Network,"Please find a way to watch this. This script is perfect, every character so convincing in what they believe in no matter how vile it is. More applicable today than ever, just seeing the story of why a group of people feel justified to put their company over peoples’ lives.",2025-09-11,Mary and Max,Yes
2023-06-20,When Harry Met Sally...,,4.5,9,The Nightmare Before Christmas,1993,A Little Romance,"Richard is no stepdad, that’s the dad that stepped up",2025-09-14,From Up on Poppy Hill,Yes
2023-06-20,Stand by Me,,4,8,Dune,2021,The Lego Movie,This and Battle for Bikini Bottom are the blueprint for how to do licensed entertainment,2025-09-16,Zodiac,Yes
2023-06-20,The Other Guys,,3.5,7,(500) Days of Summer,2009,My Neighbors the Yamadas,"Maybe just aged poorly? Feels like a compilation of a cool Instagram account, not a full movie",2025-09-23,Weapons,Yes
2023-06-20,Cast Away,,3,6,No Time to Die,2021,God Help the Girl,"I cannot stand James, a twink that can’t sing or act, thank god he gets nothing. Give these songs a better set of characters please",2025-09-24,The Conversation,Yes
2023-06-20,History of the World: Part I,,2,4,The Last Duel,2021,The Jericho Mile,"What a weird start for Mann’s career, guessing he decided he never wanted to see the sun in his movies again after this",2025-09-25,Punch-Drunk Love,Yes
2023-06-20,The Lovebirds,,3,6,Fast Times at Ridgemont High,1982,Chinatown,"A HISTORIC DAY, I GUESSED THE REVEAL OF A DETECTIVE MOVIE💃 (updated counter of 2 for 300 on this)",2025-09-30,DodgeBall: A True Underdog Story,Yes
2023-06-22,The Menu,,2.5,5,The Rum Diary,2011,One Battle After Another,"“Semen Demon” wins joke of the year, Sean Penn wins best weirdo of the year (sorry Aunt Gladys)",2025-10-01,Sexy Beast,Yes
2023-07-07,Blood & Gold,,4,8,Hell or High Water,2016,Serpico,"I was excited to see what hat Pacino was gonna pull up in every scene. Can’t believe I waited until this year to watch Lumet’s movies, he’s so goooood",2025-10-02,Sing Sing,Yes
2023-07-15,Indiana Jones and the Dial of Destiny,,3,6,Jackie Brown,1997,Klute,"This was nominated for best screenplay? Romance is forced, mystery is never satisfying, and it’s filmed like a horror movie for some reason.",2025-10-03,The Player,Yes
2023-07-15,Won't You Be My Neighbor?,,4,8,The Green Knight,2021,Duck Soup,The “Dugan only watches ancient movies” propaganda gonna love this one,2025-10-05,Heat,Yes
2023-07-25,Barbie,,3,6,The Losers,2010,Trick 'r Treat,"One of the greatest movie costumes ever created, idk how more kids don’t dress up as Sam",2025-10-06,Lost in Translation,Yes
2023-07-27,Oppenheimer,,5,10,"Three Billboards Outside Ebbing, Missouri",2017,The Night Evelyn Came Out of the Grave,Filmed on a microwave with the budget to buy one light. A good alternative to melatonin,2025-10-07,Paper Moon,Yes
2023-07-27,Hunt for the Wilderpeople,,3.5,7,No Sudden Move,2021,The Texas Chain Saw Massacre,"Can I get a hell yeah for Franklin getting sawed in half, I audibly clapped during it. Murdering Psychopath > annoying ass Franklin",2025-10-09,Network,Yes
2023-07-27,Irresistible,,3,6,The Trial of the Chicago 7,2020,You're Next,"I’m been itching for some good, bloody kills. Made a bit wonky but a fun time",2025-10-10,A Little Romance,Yes
2023-07-27,Into the Wild,,4,8,Godzilla vs. Kong,2021,Scream,I know this came out in ‘96 but the poster is Lucy Hale from Pretty Little Liars and I will never be able to unsee it. Also Matthew Lillard should have at least 2 Oscars by now,2025-10-11,The Lego Movie,Yes
2023-07-27,On the Waterfront,,3,6,Sing Street,2016,The Descent,"These women were actually pretty smart during the movie, except for being stupid enough to  choose to cave dive for VACATION. Never heard of a cold beer in a hot tub?",2025-10-13,Chinatown,Yes
2023-07-27,Legally Blonde,,1.5,3,Drive,2011,Over the Garden Wall,"I need more of the pumpkin cult, just a chill town looking to have a good time. Also all my homies hate those girls for hating on Greg’s elephant costume",2025-10-13,One Battle After Another,Yes
2023-07-27,The Kentucky Fried Movie,,2,4,The Muppet Movie,1979,The Stepford Wives,"Good message, good premise, BORING. Slow burn with no scenes that hit hard or are memorable enough to remember a week from now",2025-10-13,Serpico,Yes
2023-07-27,Eurovision Song Contest: The Story of Fire Saga,,1,2,In Bruges,2008,The Fly,"If anybody got recommendations for gross movies with fantastic effects please let me know, I can’t get enough. Also how’s he getting all these baboons? He’s buying them like they’re goldfish",2025-10-15,Trick 'r Treat,Yes
2023-07-27,Heathers,,1,2,High Fidelity,2000,The Substance,"What da hell, thought watching the Fly would prepare me but it did not. Love to see the return of practical effects like this though😌",2025-10-15,The Texas Chain Saw Massacre,Yes
2023-07-27,Guns Akimbo,,1.5,3,Possessor,2020,Death of a Unicorn,"Paul Rudd’s character is the worst “flawed” dad in a movie since Chicken Little. However, somehow the biggest sin is how you get NoHo Hank in your movie and waste him",2025-10-16,You're Next,Yes
2023-07-27,City Slickers,,2.5,5,The King of Comedy,1982,Midsommar,"Looks fantastic. Should be more bright horror movies, but can definitely see them falling flat easily.",2025-10-16,Scream,Yes
2023-09-28,"Crazy, Stupid, Love.",,4,8,True Romance,1993,Manhunter,Perfect first half. Was convinced this was gonna be perfect going into the 3rd act but it couldn’t deliver. Another reason to love Brian Cox though,2025-10-19,The Descent,Yes
2023-11-01,Five Nights at Freddy's,,1.5,3,The Rookie,2002,It's What's Inside,Convinced this would be fun if it wasn’t with these psychopaths,2025-10-20,Over the Garden Wall,Yes
2023-11-01,Kung Fu Panda,,4,8,Pokémon Detective Pikachu,2019,Bram Stoker's Dracula,Idk if Van Helsing is that good of a role or if Anthony Hopkins and Willem Dafoe are just that good,2025-10-21,The Fly,Yes
2023-11-01,The Rocky Horror Picture Show,,2.5,5,Superman/Batman: Public Enemies,2009,Scary Godmother: Halloween Spooktakular,"Greatest animated Bowling cutscene ever created. Justice for Skully, made good looking food for greedy-ass Harry to ruin",2025-10-21,The Substance,Yes
2023-11-01,Hotel Transylvania 2,,2.5,5,The Breaker Upperers,2018,Children Shouldn't Play with Dead Things,"Description says “Soon the dead are walking about”. Letterboxd is confused, this happens 55 minutes in of an 87 minute movie",2025-10-23,Manhunter,Yes
2023-11-01,Amsterdam,,1,2,Safety Not Guaranteed,2012,Alien,"Top 5 greatest looking movies of all time. Production design peaked here and maybe will never look this good again. Atmospheric, perfect tension, what a movie. (The slightly lame kills keep this from 5 stars but it close)",2025-10-24,Scary Godmother: Halloween Spooktakular,Yes
2023-11-01,Day Shift,,0.5,1,The Intouchables,2011,Braindead,"Turns the quality on its head in the second half, from 2 stars to 4 stars once the animal energizers show up. Didn’t know gore could be so creative",2025-10-24,Alien,Yes
2023-11-23,Shane Gillis: Beautiful Dogs,,3,6,Project Power,2020,Halloween,"Music is banging, caught myself head bobbing during multiple kill scenes. Also that shot where he comes out of the door shadow, chef kiss",2025-10-28,Chainsaw Man – The Movie: Reze Arc,Yes
2023-11-24,Kung Fu Panda 2,,4,8,Tucker and Dale vs. Evil,2010,Don't Look in the Basement,Eyes were feeling real heavy after only 15 minutes. Also this movie hates people with disabilities so that sucks,2025-10-28,Hocus Pocus,Yes
2023-12-14,Set It Up,,3.5,7,Annie Hall,1977,Halloweentown,"There was not a single monster looking excited to join the mayor’s evil plan, how’d this guy get elected?",2025-10-29,Rosemary's Baby,Yes
2023-12-14,The Muppet Christmas Carol,,3.5,7,"Love, Simon",2018,Hocus Pocus,"I am so sorry Bette Midler, I was not familiar with your game",2025-10-29,Isle of Dogs,Yes
2024-01-01,Dungeons & Dragons: Honor Among Thieves,,4,8,The Naked Gun: From the Files of Police Squad!,1988,Rosemary's Baby,"1. Rosemary’s only mistake was not instantly leaving when Guy said he enjoyed role playing necrophilia🚩😟
2. I think I enjoy Get Out so much cause I get to see everyone I hate in the movie get brutally beaten to death, tragic it didn’t happen here",2025-10-30,The Warriors,Yes
2024-01-14,BlackBerry,,4.5,9,When Harry Met Sally...,1989,Isle of Dogs,The first pro-gossip movie ever made?,2025-11-03,Sorcerer,Yes
2024-01-15,Killers of the Flower Moon,,3.5,7,Stand by Me,1986,The Warriors,"CAN YOU DIG IT? Stole the whole movie with 2 minutes of screen time, most impressive thing I’ve ever seen",2025-11-04,Sisu: Road to Revenge,Yes
2024-01-31,Scott Pilgrim vs. the World,,3.5,7,The Other Guys,2010,King of New York,"Really wished I liked this more, could’ve used another 15 minutes (or be directed my Michael Mann👀). Laurence Fishburne absolutely steals the show though, what a fun performance",2025-11-05,A Muppet Family Christmas,Yes
2024-01-31,Rango,,4.5,9,Cast Away,2000,The Naked Gun,"What a weird Kingsman remake
(Everything Happy Gilmore 2 wishes it was)",2025-11-06,The Year Without a Santa Claus,Yes
2024-01-31,La La Land,,4,8,History of the World: Part I,1981,Popstar: Never Stop Never Stopping,When is Tim Meadows gonna complete his trilogy of music mockumenteries with Walk Hard and Popstar? The people need it,2025-11-13,Santa Claus Is Comin' to Town,Yes
2024-01-31,Hot Tub Time Machine,,3.5,7,The Lovebirds,2020,Edward Scissorhands,"Everyone look up Anthony Michael Hall on IMDB right now, proof of perfect casting right there. Something mischievous in those eyes",2025-11-18,The Christmas Tree,Yes
2024-02-05,Paddington,,3.5,7,The Menu,2022,Small Things Like These,"Most depressing Christmas movie ever made? Takes slow-burn to a whole new level, but Emily Watson steals the show. Sorry Shane😔",2025-11-20,The Apartment,Yes
2024-02-11,Burn After Reading,,3,6,Blood & Gold,2023,Labyrinth,"Made David Bowie into a creep going after a 15 year old. Bad movie, don’t do that. Also Gonzo clears every character in this easily, and he’s like maybe top 5 muppet",2025-11-23,Tokyo Godfathers,Yes
2024-02-27,Drive-Away Dolls,,3,6,Indiana Jones and the Dial of Destiny,2023,Killer's Kiss,"The Killing is a significant ramping up for Kubrick in everything after this, pace, story, characters. Surprisingly nice cinematography though",2025-11-26,How the Grinch Stole Christmas,Yes
2024-03-04,Dune: Part Two,,4.5,9,Won't You Be My Neighbor?,2018,Sorcerer,Can’t wait to rewatch the rope bridge scene 10 times this week,2025-11-29,Marty Supreme,Yes
2024-03-16,Looper,,4,8,Barbie,2023,The Incredible Melting Man,"“I got an idea, let’s kill the happy cute old couple and not the creepy photographer”😐 classic 70s",2025-11-30,Wake Up Dead Man,Yes
2024-03-20,Howl's Moving Castle,,3.5,7,Oppenheimer,2023,Don't Worry Darling,He CHOSE to be British?? Honestly that alone is the scariest thing in the entire movie,2025-11-30,Sovereign,Yes
2024-03-27,Ocean's Eleven,,4.5,9,Hunt for the Wilderpeople,2016,Sisu: Road to Revenge,"Do not get it twisted, this is a superhero movie",2025-12-01,Everybody Wants Some!!,Yes
2024-05-16,Kingdom of the Planet of the Apes,,3.5,7,Irresistible,2020,Krampus,More like Crap-Piss,2025-12-01,The Rapsittie Street Kids: Believe in Santa,Yes
2024-05-16,Léon: The Professional,,3.5,7,Into the Wild,2007,Wicked,Was scared to revisit but that 160 minute runtime flies by. Optimistic for part 2 tomorrow,2025-12-02,Train Dreams,Yes
2024-05-16,Shrek 2,,4,8,On the Waterfront,1954,Wicked: For Good,"Never thought I’d be campaigning for Ariana Grande to win an Oscar, but here we are. More than anything she embarrassed Michelle Yeoh’s sleepy ah performance",2025-12-02,The Edge of Seventeen,Yes
2024-05-16,Shrek,,4.5,9,Legally Blonde,2001,Bad Santa,I just know grandma can fix up a delicious sandwich,2025-12-04,Shiva Baby,Yes
2024-05-16,Maestro,,2.5,5,The Kentucky Fried Movie,1977,Gremlins,I’d give up bacon and games for Gizmo,2025-12-08,Rear Window,Yes
2024-05-16,The Royal Tenenbaums,,2.5,5,Eurovision Song Contest: The Story of Fire Saga,2020,A Muppet Family Christmas,"Why has nobody told me there’s a Sesame Street x muppets Christmas crossover, and that it’s peak🥹",2025-12-08,Zootopia 2,Yes
2024-05-16,Hereditary,,4,8,Heathers,1989,The Year Without a Santa Claus,"Snow Miser supremacy.

SM: “friends call me Snow Miser”
HM: “they call me Heat Miser”

🤣🫵he doesn’t even have friends",2025-12-11,Jay Kelly,Yes
2024-05-16,Bullet Train,,3.5,7,Guns Akimbo,2019,Scrooged,"I didn’t know Christmas Carol could be butchered this badly, who knew cranky old Scrooge was so much more likable",2025-12-12,Companion,Yes
2024-05-16,Free Guy,,3,6,City Slickers,1991,Santa Claus Is Comin' to Town,"“Please, call me Winter”

These goddamn Clauses don’t even get his name right after 60 years",2025-12-13,Dazed and Confused,Yes
2024-05-16,Murder Mystery,,1.5,3,"Crazy, Stupid, Love.",2011,The Christmas Tree,"“SEIZE THAT WOMAN”

Greatest terrible Christmas movie ever made",2025-12-13,Sentimental Value,Yes
2024-05-16,A Few Good Men,,4.5,9,Five Nights at Freddy's,2023,Four Christmases,I strive to be as good at taboo as Jon Favreau,2025-12-14,If I Had Legs I'd Kick You,Yes
2024-05-16,Storks,,3,6,Kung Fu Panda,2008,The Apartment,"Definitely not a Christmas movie. Haven’t wanted a character to succeed this much since Rosemary’s Baby, and it happens this time!!",2025-12-17,Harry Potter and the Goblet of Fire,Yes
2024-05-17,Split,,3.5,7,The Rocky Horror Picture Show,1975,Tokyo Godfathers,"This has no right having that good of a final chase out of nowhere, I was stressing over silly dramedy all of a sudden. Also probably not a Christmas movie? 50/50 depends on the day",2025-12-19,KPop Demon Hunters,Yes
2024-05-23,Interstellar,,4.5,9,Hotel Transylvania 2,2015,How the Grinch Stole Christmas,"I can’t think of a movie that has been carried harder by a performance, Jim Carrey is 1 of 1",2025-12-21,Bob Trevino Likes It,Yes
2024-06-01,Furiosa: A Mad Max Saga,,3.5,7,Shane Gillis: Beautiful Dogs,2023,Miracle on 34th Street,Christmas movies made in the 90s have no need going so hard with the fits,2025-12-23,Thief,Yes
2024-06-16,Inside Out 2,,4.5,9,Kung Fu Panda 2,2011,Marty Supreme,"Sweating for 2 and a half hours watching this, was as tired as a 5k",2025-12-26,The Pursuit of Happyness,Yes
2024-08-20,Deadpool & Wolverine,,3.5,7,Set It Up,2018,Wake Up Dead Man,Weirdly one of the most festive feeling things I’ve seen in December this year? I have no idea why,2025-12-27,,
2024-08-20,Kiki's Delivery Service,,4,8,The Muppet Christmas Carol,1992,Black Bag,"My brain hurts, this is the biggest headache from a movie since Brick. Very cool watch though, wish I cared about their marriage a bit more",2025-12-27,,
2024-08-20,Hit Man,,4,8,Dungeons & Dragons: Honor Among Thieves,2023,Sovereign,Feel good movie of the year😁👍,2025-12-28,,
2024-08-20,Full Metal Jacket,,3.5,7,BlackBerry,2023,Everybody Wants Some!!,"Simply a good time, can’t wait to watch again sometime in May. Could be a little funnier or more time with Jake and Beverly, but worth a watch",2025-12-28,,
2024-08-21,Alien: Romulus,,3,6,Killers of the Flower Moon,2023,Warfare,Between this and Marty Supreme I’m way too stressed going into 2026,2026-01-02,,
2024-08-27,Manos: The Hands of Fate,,0.5,1,Rango,2011,The Rapsittie Street Kids: Believe in Santa,Heard rumors it was animated on Kid Pix by a 5th grade technology class,2026-01-03,,
2024-08-27,Nazis at the Center of the Earth,,1,2,Hot Tub Time Machine,2010,Train Dreams,"Best looking movie of 2025? Probably. Also depressing, was not ready to get hit in the chest like that",2026-01-03,,
2024-08-28,The Killing,,3.5,7,Paddington,2014,The Edge of Seventeen,Still a sucker for coming of age movies in the big 2026. A little by the book but the relationships are so genuine that it really works,2026-01-04,,
2024-09-09,Rebel Ridge,,4.5,9,Burn After Reading,2008,Frankenstein,"Maybe 3.5? Idk yet. Very good performances, but it just didn’t connect with me. Also the rumors of it sweeping the technical Oscar’s is insane to me",2026-01-05,,
2024-09-15,The Jerk,,2,4,Drive-Away Dolls,2024,Pom Poko,"The densest movie I’ve seen in awhile. So much happens, it’s all over the place, but very creative. Not the funniest ghibli even though it’s a comedy? Also has a near 10/10 scene at the end that I was not ready for. Ghibli has melted my brain again",2026-01-05,,
2024-09-16,Boy Kills World,,2.5,5,Dune: Part Two,2024,Train to Busan,"Seriously spoiler ahead
.
.
.
.
.
.
.
.
.
.
.
.
.
.
Husband sacrifice >>> dad sacrifice. Only way the dad’s death is better is cause the daughter is giving the crying performances I’ve seen in so so long",2026-01-06,,
2024-09-16,Your Lucky Day,,2,4,Looper,2012,Bugonia,"Feel like I would’ve gotten more from this if I didn’t watch what it was based off beforehand, the big will it, won’t it ending is less impactful when you know what’s gonna happen. Made very well though",2026-01-07,,
2024-10-04,Kill Bill: Vol. 2,,2,4,Howl's Moving Castle,2004,Shiva Baby,"AAAAAAAAAAAHHHHHHHHHHHHHHHHHH

Scariest horror movie I’ve seen since i don’t know when. Questions about life after college and uncomfortable situations? Giving me PTSD out here",2026-01-07,,
2024-10-04,Upgrade,,4,8,Ocean's Eleven,2001,Daisies,There’s nothing here *cue John travolta looking around in pulp fiction,2026-01-08,,
2024-10-17,Room,,4,8,Kingdom of the Planet of the Apes,2024,Rear Window,"Grown-ass 250 lb man 0
Camera flash 1 

Also is this pro-creep on your neighbors?🧐",2026-01-08,,
2024-11-19,Red One,,2,4,Léon: The Professional,1994,Zootopia 2,Wouldn’t be mad about 3 more of these if they’re all gonna be this funny,2026-01-10,,
2024-12-16,The Star Wars Holiday Special,,0.5,1,The Emperor's New Groove,2000,Moonlight,"So well made, everything about this on the technical side is one of a kind and gorgeous to watch unfold. I just wish I knew what any of these characters wanted, if that makes sense at all",2026-01-11,,
2024-12-17,Jingle All the Way,,4,8,Dawn of the Planet of the Apes,2014,Jay Kelly,"Surprise of 2025 for me, was not expecting to love this going in, but was very surprised how invested I was in these characters. Especially Sandler, written so well and performed Oscar nominations worthy👀",2026-01-12,,
2024-12-17,Anna and the Apocalypse,,2.5,5,War for the Planet of the Apes,2017,Blue Moon,"This is the opposite of my kind of movie. If I wanted to see a play, I would go see a play",2026-01-13,,
2024-12-17,Twisted,,1.5,3,Sky High,2005,Companion,"Goddamn that “go to sleep” reveal would’ve been so sick if I didn’t know going in. So fun though, even if it’s giving all Kat’s a bad name",2026-01-14,,
2024-12-17,Porco Rosso,,4.5,9,Scott Pilgrim Takes Off,2023,Dazed and Confused,"Didn’t hit as hard as Everybody Wants Some, maybe cause this wasn’t high school for me at all. 
But I do love seeing douche Ben Affleck, it just comes so natural to him for some reason",2026-01-15,,
2024-12-17,Just Friends,,3,6,Cars,2006,The Rip,"I’m glad I watched it so the workers can get their bonuses, but that was poop",2026-01-19,,
2025-01-04,Nosferatu,,3.5,7,Monsters University,2013,Beast of War,According to this movie “based on real events” Japanese soldiers care more about Sake than any other survival equipment,2026-01-20,,
2025-01-16,Snack Shack,,4.5,9,The Princess and the Frog,2009,Freaky Tales,Tom Hanks cameo is so peak🥹,2026-01-21,,
2025-01-16,A Complete Unknown,,4,8,Kong: Skull Island,2017,Sentimental Value,"Maybe a 4.5 stars, idk yet but I wanna watch this again. The scene with the two sisters🥲, might’ve been the only time I’ve teared up from a 2025 movie",2026-01-22,,
2025-01-19,Honey Boy,,4,8,Bee Movie,2007,If I Had Legs I'd Kick You,"Can’t wait to watch Hamnet cause Rose is supposed to lose to Jessie Buckley?👀 What a bad movie for my blood pressure, can’t wait to never watch again",2026-01-22,,
2025-01-19,Love & Mercy,,3,6,ParaNorman,2012,Ballad of a Small Player,"May be the worst script I’ve seen since Amsterdam (2022) and I do not say that lightly. Farrell, Swinton, and Berger tried to make the most out of what was given to them, but sprinkles on a turd do not help",2026-01-22,,
2025-01-20,A Real Pain,,3,6,Transformers: Age of Extinction,2014,Elio,"A pretty dull watch apart from Glordon and Elio’s friendship, reminded me of the best parts of Luca",2026-01-24,,
2025-01-20,The Beach Boys,,3.5,7,Evan Almighty,2007,Jojo Rabbit,"Perfect, no notes. Like a devastating, warm hug",2026-01-24,,
2025-01-22,Little Miss Sunshine,,4,8,The Adventures of Rocky & Bullwinkle,2000,Harry Potter and the Goblet of Fire,Technically HP 1-4 was on today in the background but watched this one all the way through. Would recommend if there’s another blizzard,2026-01-25,,
2025-01-22,Number 24,,4,8,The Hangover,2009,KPop Demon Hunters,Imagine going to see your favorite band and they get murdered on stage,2026-01-27,,
2025-01-27,Arcadian,,1.5,3,Maestro,2023,Hamnet,Some beautiful moments but it didn’t hit me like I thought it was going to. Jessie Buckley does deserve to be sweeping though,2026-01-28,,
2025-01-28,Between the Temples,,2.5,5,Wedding Crashers,2005,Bob Trevino Likes It,"Hands down underrated score of the year, idk who this composer is but he’s got cozy tunes. Also can’t wait to see what Barbie Ferreira does next, what a performance",2026-01-28,,
2025-01-31,Emilia Pérez,,2.5,5,The Lovely Bones,2009,Song Sung Blue,"Kate’s nomination will confuse me for the rest of the year🧐 inoffensive, a classic airplane movie (maybe derogatory)",2026-01-29,,
2025-01-31,The Fall Guy,,2.5,5,Deepwater Horizon,2016,Sinners,"Same issues I had with this before, all the technical elements do not work for the horror sections. However it’s bumped up half a star cause I forgot how good these performances are",2026-01-30,,
2025-01-31,The Equalizer,,4,8,Gladiator,2000,Thief,What a main character. Absolutely carries this story as the worst kind of likable protagonist. Could see this rating easily going up with a rewatch,2026-02-04,,
2025-02-04,Woman of the Hour,,3,6,Brother Bear,2003,The Return of the Texas Chainsaw Massacre,"Kinda loved the first 30 minutes of this? Barry was the best douche and the first chase was actually good. Than the rest happens, already forget where that time went",2026-02-04,,
2025-02-07,Laserblast,,1,2,Kubo and the Two Strings,2016,The Pursuit of Happyness,"I don’t know if I’ll ever stop thinking about this movie, especially the quote on Jefferson’s inclusion of the pursuit. Also I love King Richard but this clearly is Will Smith’s best performance",2026-02-05,,
2025-02-14,Wallace & Gromit: Vengeance Most Fowl,,3,6,The Old Guard,2020,,,,,
2025-02-16,Oldboy,,4,8,Astro Boy,2009,,,,,
2025-02-17,Captain America: Brave New World,,2,4,The Royal Tenenbaums,2001,,,,,
2025-02-18,Chiefsaholic: A Wolf in Chiefs Clothing,,3,6,Hook,1991,,,,,
2025-02-21,Saturday Night,,3,6,Hereditary,2018,,,,,
2025-02-21,Memento,,4.5,9,Madagascar,2005,,,,,
2025-02-22,Hundreds of Beavers,,4,8,Madagascar: Escape 2 Africa,2008,,,,,
2025-02-24,Wicked,,4,8,Madagascar 3: Europe's Most Wanted,2012,,,,,
2025-02-24,Conclave,,4,8,John Carter,2012,,,,,
2025-02-25,I'm Still Here,,4,8,Ace Ventura: Pet Detective,1994,,,,,
2025-02-25,The Wild Robot,,3.5,7,Daredevil,2003,,,,,
2025-02-26,September 5,,2,4,Christmas with the Kranks,2004,,,,,
2025-02-28,Lord of War,,2,4,Bullet Train,2022,,,,,
2025-02-28,Anora,,4.5,9,Free Guy,2021,,,,,
2025-02-28,Collateral,,4,8,The Croods,2013,,,,,
2025-02-28,The Last of the Mohicans,,3.5,7,Fast & Furious Presents: Hobbs & Shaw,2019,,,,,
2025-03-02,Date Movie,,1,2,Green Lantern,2011,,,,,
2025-03-02,A Haunted House,,2,4,Just Friends,2005,,,,,
2025-03-03,Sharktopus,,1,2,Megamind,2010,,,,,
2025-03-05,Conan the Barbarian,,3,6,The Secret Life of Walter Mitty,2013,,,,,
2025-03-07,Bone Tomahawk,,4,8,Night at the Museum,2006,,,,,
2025-03-09,Mickey 17,,2.5,5,Submarine,2010,,,,,
2025-03-10,Almost Famous,,5,10,Happy Gilmore,1996,,,,,
2025-03-11,Nickel Boys,,3.5,7,Meet the Parents,2000,,,,,
2025-03-12,Greedy People,,3.5,7,DodgeBall: A True Underdog Story,2004,,,,,
2025-03-14,Wind River,,4.5,9,Night at the Museum: Battle of the Smithsonian,2009,,,,,
2025-03-14,The Northman,,4.5,9,Night at the Museum: Secret of the Tomb,2014,,,,,
2025-03-21,The Running Man,,1.5,3,Tower Heist,2011,,,,,
2025-03-26,Clueless,,4,8,Grown Ups,2010,,,,,
2025-04-01,The Electric State,,2,4,Hotel Transylvania,2012,,,,,
2025-04-06,Ichi the Killer,,1.5,3,Grown Ups 2,2013,,,,,
2025-04-08,Soylent Green,,1.5,3,Pixels,2015,,,,,
2025-04-08,Interstella 5555: The 5tory of the 5ecret 5tar 5ystem,,4,8,Murder Mystery,2019,,,,,
2025-04-09,Look Back,,4.5,9,Big Daddy,1999,,,,,
2025-04-10,Fritz the Cat,,3.5,7,Billy Madison,1995,,,,,
2025-04-11,Save the Green Planet!,,3,6,Jack and Jill,2011,,,,,
2025-04-11,The Thing,,4,8,The Do-Over,2016,,,,,
2025-04-12,Flow,,3,6,The Shining,1980,,,,,
2025-04-15,Smokin' Aces,,2.5,5,Batman,1989,,,,,
2025-04-15,The Cat Returns,,3.5,7,A Few Good Men,1992,,,,,
2025-04-15,Who Killed Captain Alex?,,0.5,1,Mars Attacks!,1996,,,,,
2025-04-17,The Incident,,3,6,The Suite Life Movie,2011,,,,,
2025-04-22,The Game,,4,8,I Now Pronounce You Chuck & Larry,2007,,,,,
2025-04-24,Nurse Sherri,,1,2,Dolemite Is My Name,2019,,,,,
2025-04-25,Se7en,,4.5,9,Shrek Forever After,2010,,,,,
2025-04-29,Xtro,,2,4,Shrek the Third,2007,,,,,
2025-04-30,Blue Ruin,,3,6,Mulan,1998,,,,,
2025-05-02,Beavis and Butt-Head Do America,,3.5,7,The Haunted Mansion,2003,,,,,
2025-05-03,Amélie,,4,8,Daddy Day Care,2003,,,,,
2025-05-06,Trap,,1.5,3,Bowfinger,1999,,,,,
2025-05-07,Seven Samurai,,4.5,9,Imagine That,2009,,,,,
2025-05-08,Come and See,,3,6,Monster House,2006,,,,,
2025-05-12,Thriller: A Cruel Picture,,1,2,Paul Blart: Mall Cop,2009,,,,,
2025-05-13,The Foot Fist Way,,1.5,3,Barnyard,2006,,,,,
2025-05-14,Tombstone,,3.5,7,Dumb and Dumber To,2014,,,,,
2025-05-14,Monty Python's The Meaning of Life,,2.5,5,Step Brothers,2008,,,,,
2025-05-14,Bo Burnham: The Inside Outtakes,,4,8,Vacation,2015,,,,,
2025-05-15,Poor Things,,3.5,7,This Is the End,2013,,,,,
2025-05-16,My Neighbor Totoro,,5,10,Dumb and Dumber,1994,,,,,
2025-05-17,Thunderbolts*,,3,6,How the Grinch Stole Christmas,2000,,,,,
2025-05-17,Megamind,,3.5,7,The Mask,1994,,,,,
2025-05-18,Ran,,3.5,7,The Truman Show,1998,,,,,
2025-05-19,A Fish Called Wanda,,4,8,Bruce Almighty,2003,,,,,
2025-05-20,Shrek Forever After,,2.5,5,Batman Forever,1995,,,,,
2025-05-22,Tetris,,4,8,Liar Liar,1997,,,,,
2025-05-27,Inside Moves,,2.5,5,Lemony Snicket's A Series of Unfortunate Events,2004,,,,,
2025-05-28,Altered States,,3.5,7,A Christmas Carol,2009,,,,,
2025-05-29,Ted 2,,1.5,3,Horton Hears a Who!,2008,,,,,
2025-05-29,The Fog,,3,6,Ace Ventura: When Nature Calls,1995,,,,,
2025-06-02,Raging Bull,,4,8,Mr. Popper's Penguins,2011,,,,,
2025-06-02,Terror Train,,1.5,3,101 Dalmatians,1996,,,,,
2025-06-03,The Tune,,3,6,Space Chimps,2008,,,,,
2025-06-03,American Gigolo,,3.5,7,Men in Black,1997,,,,,
2025-06-04,Cha Cha Real Smooth,,4.5,9,I Am Legend,2007,,,,,
2025-06-05,Smiley Face,,3.5,7,Shark Tale,2004,,,,,
2025-06-06,Prom Night,,2.5,5,Independence Day,1996,,,,,
2025-06-06,Mad God,,4.5,9,Men in Black II,2002,,,,,
2025-06-09,Ordinary People,,4,8,Men in Black 3,2012,,,,,
2025-06-09,The Elephant Man,,3.5,7,Bright,2017,,,,,
2025-06-12,Paths of Glory,,4,8,Independence Day: Resurgence,2016,,,,,
2025-06-13,Scanners,,2.5,5,The Hunger Games: Catching Fire,2013,,,,,
2025-06-17,The Insider,,3.5,7,The Hunger Games: Mockingjay – Part 2,2015,,,,,
2025-06-17,Whisper of the Heart,,3,6,Jurassic Park,1993,,,,,
2025-06-17,Sherlock Jr.,,3,6,Jurassic World: Fallen Kingdom,2018,,,,,
2025-06-18,American Beauty,,4,8,The Prince of Egypt,1998,,,,,
2025-06-23,Batman: Mask of the Phantasm,,3.5,7,Cats & Dogs,2001,,,,,
2025-06-25,Wolfwalkers,,4,8,G-Force,2009,,,,,
2025-06-25,The Green Mile,,4.5,9,Penguins of Madagascar,2014,,,,,
2025-06-26,Office Space,,3.5,7,Over the Hedge,2006,,,,,
2025-06-27,Trainspotting,,4,8,Bolt,2008,,,,,
2025-06-27,The Prestige,,4.5,9,Robots,2005,,,,,
2025-06-28,But I'm a Cheerleader,,3.5,7,Ice Age,2002,,,,,
2025-06-29,Once Upon a Time... in Hollywood,,2.5,5,Despicable Me 2,2013,,,,,
2025-06-30,Go,,3,6,The Lego Movie,2014,,,,,
2025-07-02,Elemental,,2.5,5,Ice Age: The Meltdown,2006,,,,,
2025-07-02,F1,,4.5,9,Big Hero 6,2014,,,,,
2025-07-02,The Straight Story,,1,2,How to Train Your Dragon,2010,,,,,
2025-07-03,Lightyear,,2.5,5,How to Train Your Dragon 2,2014,,,,,
2025-07-05,How to Train Your Dragon,,3,6,The Iron Giant,1999,,,,,
2025-07-08,10 Things I Hate About You,,3.5,7,Ralph Breaks the Internet,2018,,,,,
2025-07-09,Say Anything...,,3,6,Wreck-It Ralph,2012,,,,,
2025-07-09,The Matrix,,3.5,7,Finding Dory,2016,,,,,
2025-07-10,12 Angry Men,,4.5,9,The Good Dinosaur,2015,,,,,
2025-07-11,Superman,,4,8,A Bug's Life,1998,,,,,
2025-07-11,In Time,,2.5,5,Onward,2020,,,,,
2025-07-13,The Hurricane,,2,4,The Secret Life of Pets,2016,,,,,
2025-07-15,Frankie Freako,,0.5,1,Frozen II,2019,,,,,
2025-07-15,The Ox-Bow Incident,,3.5,7,Chicken Run,2000,,,,,
2025-07-16,My Big Fat Greek Wedding,,3,6,Despicable Me,2010,,,,,
2025-07-16,"Mystery, Alaska",,2.5,5,Rise of the Guardians,2012,,,,,
2025-07-17,Yor: The Hunter from the Future,,1.5,3,Home,2015,,,,,
2025-07-19,City of God,,4,8,Cars 2,2011,,,,,
2025-07-20,Dr. Strangelove or: How I Learned to Stop Worrying and Love the Bomb,,3,6,Tangled,2010,,,,,
2025-07-21,Varsity Blues,,3.5,7,Chicken Little,2005,,,,,
2025-07-22,Dog Day Afternoon,,3.5,7,The Lego Batman Movie,2017,,,,,
2025-07-23,Flora and Son,,3,6,Ice Age: Dawn of the Dinosaurs,2009,,,,,
2025-07-24,Safe Men,,2,4,Meet the Robinsons,2007,,,,,
2025-07-25,Vertigo,,3,6,Toy Story 2,1999,,,,,
2025-07-29,Happy Gilmore 2,,2.5,5,Brave,2012,,,,,
2025-07-29,Boxcar Bertha,,1.5,3,Cars 3,2017,,,,,
2025-08-01,Face/Off,,4,8,Elvis,2022,,,,,
2025-08-03,Five Corners,,1,2,The Polar Express,2004,,,,,
2025-08-04,Animal Kingdom,,3.5,7,Borat Subsequent Moviefilm,2020,,,,,
2025-08-05,Wonderwall,,1,2,The Simpsons Movie,2007,,,,,
2025-08-05,Castle in the Sky,,3.5,7,Captain Phillips,2013,,,,,
2025-08-06,The Fantastic 4: First Steps,,3.5,7,Big,1988,,,,,
2025-08-07,Mary and Max,,4,8,Saving Mr. Banks,2013,,,,,
2025-08-07,It's Alive,,1.5,3,Bachelor Party,1984,,,,,
2025-08-07,The Hidden,,2.5,5,The Santa Clause,1994,,,,,
2025-08-08,Cars,,3,6,The Santa Clause 2,2002,,,,,
2025-08-11,Legend,,1.5,3,The Santa Clause 3: The Escape Clause,2006,,,,,
2025-08-12,Wolfs,,3,6,Buzz Lightyear of Star Command: The Adventure Begins,2000,,,,,
2025-08-12,I Married a Witch,,2.5,5,School of Rock,2003,,,,,
2025-08-13,From Up on Poppy Hill,,4,8,Popstar: Never Stop Never Stopping,2016,,,,,
2025-08-14,Zodiac,,4,8,Arthur Christmas,2011,,,,,
2025-08-15,Weapons,,4,8,Let It Snow,2019,,,,,
2025-08-15,The Conversation,,4.5,9,Mars Needs Moms,2011,,,,,
2025-08-19,Ponyo,,3,6,X-Men: Days of Future Past,2014,,,,,
2025-08-20,Valley Girl,,1,2,X-Men: The Last Stand,2006,,,,,
2025-08-21,The Seventh Seal,,3,6,Storks,2016,,,,,
2025-08-22,Punch-Drunk Love,,4,8,Ghostbusters,1984,,,,,
2025-08-22,DodgeBall: A True Underdog Story,,3.5,7,Split,2016,,,,,
2025-08-23,Sexy Beast,,3.5,7,Batman v Superman: Dawn of Justice,2016,,,,,
2025-08-23,From Dusk Till Dawn,,1.5,3,Man of Steel,2013,,,,,
2025-08-25,Sing Sing,,3.5,7,Mission: Impossible III,2006,,,,,
2025-08-27,The Player,,4,8,Fantastic Four: Rise of the Silver Surfer,2007,,,,,
2025-08-27,Heat,,4.5,9,In Time,2011,,,,,
2025-08-28,The Party,,2.5,5,Alpha Dog,2006,,,,,
2025-08-29,Lost in Translation,,4,8,The Love Guru,2008,,,,,
2025-09-02,Paper Moon,,3.5,7,Green Room,2015,,,,,
2025-09-07,Hoodwinked!,,2.5,5,Star Trek,2009,,,,,
2025-09-08,The Parallax View,,3,6,Star Trek Into Darkness,2013,,,,,
2025-09-11,Phantasm,,2,4,The Smurfs,2011,,,,,
2025-09-12,Network,,4.5,9,The Disaster Artist,2017,,,,,
2025-09-15,"Mickey, Donald, Goofy: The Three Musketeers",,3,6,Babylon,2022,,,,,
2025-09-15,A Little Romance,,4,8,The Fifth Element,1997,,,,,
2025-09-17,The Lego Movie,,4,8,Twelve Monkeys,1995,,,,,
2025-09-23,My Neighbors the Yamadas,,2,4,Unbreakable,2000,,,,,
2025-09-25,God Help the Girl,,2.5,5,"The Chronicles of Narnia: The Lion, the Witch and the Wardrobe",2005,,,,,
2025-09-26,The Jericho Mile,,2.5,5,X-Men: First Class,2011,,,,,
2025-10-01,Chinatown,,4,8,Gnomeo & Juliet,2011,,,,,
2025-10-02,One Battle After Another,,4.5,9,The Last Airbender,2010,,,,,
2025-10-03,Serpico,,4,8,Star Wars: Episode III – Revenge of the Sith,2005,,,,,
2025-10-03,Klute,,2,4,Star Wars: Episode I – The Phantom Menace,1999,,,,,
2025-10-06,Duck Soup,,3,6,Star Wars: Episode II – Attack of the Clones,2002,,,,,
2025-10-07,Trick 'r Treat,,3.5,7,Do the Right Thing,1989,,,,,
2025-10-08,The Night Evelyn Came Out of the Grave,,0.5,1,Miss Peregrine's Home for Peculiar Children,2016,,,,,
2025-10-09,The Texas Chain Saw Massacre,,3.5,7,Turbo,2013,,,,,
2025-10-11,You're Next,,3.5,7,Kill Bill: Vol. 1,2003,,,,,
2025-10-12,Scream,,4,8,Percy Jackson & the Olympians: The Lightning Thief,2010,,,,,
2025-10-14,The Descent,,3.5,7,Batman & Robin,1997,,,,,
2025-10-14,Over the Garden Wall,,4,8,The Amazing Spider-Man,2012,,,,,
2025-10-14,The Stepford Wives,,2,4,The Amazing Spider-Man 2,2014,,,,,
2025-10-15,The Fly,,4.5,9,Easy A,2010,,,,,
2025-10-16,The Substance,,3.5,7,Zombieland,2009,,,,,
2025-10-16,Death of a Unicorn,,1.5,3,The Interview,2014,,,,,
2025-10-17,Midsommar,,3.5,7,The House Bunny,2008,,,,,
2025-10-19,Manhunter,,4,8,The Dictator,2012,,,,,
2025-10-21,It's What's Inside,,3.5,7,Scary Movie,2000,,,,,
2025-10-22,Bram Stoker's Dracula,,2.5,5,Cloudy with a Chance of Meatballs,2009,,,,,
2025-10-22,Scary Godmother: Halloween Spooktakular,,3.5,7,Scary Movie 2,2001,,,,,
2025-10-23,Children Shouldn't Play with Dead Things,,1,2,Scary Movie 3,2003,,,,,
2025-10-24,Alien,,4.5,9,Cloudy with a Chance of Meatballs 2,2013,,,,,
2025-10-25,Chainsaw Man – The Movie: Reze Arc,,4,8,Election,1999,,,,,
2025-10-25,Braindead,,3,6,Ice Age: Continental Drift,2012,,,,,
2025-10-28,Halloween,,3.5,7,Role Models,2008,,,,,
2025-10-29,Don't Look in the Basement,,1,2,Planet 51,2009,,,,,
2025-10-30,Halloweentown,,2.5,5,Jumanji: Welcome to the Jungle,2017,,,,,
2025-10-30,Hocus Pocus,,4,8,Fast Five,2011,,,,,
2025-10-31,Rosemary's Baby,,4.5,9,Jungle Cruise,2021,,,,,
2025-11-04,Isle of Dogs,,4.5,9,San Andreas,2015,,,,,
2025-11-04,The Warriors,,4,8,Valentine's Day,2010,,,,,
2025-11-05,King of New York,,2.5,5,Idiocracy,2006,,,,,
2025-11-07,The Naked Gun,,3.5,7,Walk Hard: The Dewey Cox Story,2007,,,,,
2025-11-13,Popstar: Never Stop Never Stopping,,3,6,Herbie Fully Loaded,2005,,,,,
2025-11-18,Edward Scissorhands,,3,6,Waiting...,2005,,,,,
2025-11-21,Small Things Like These,,2.5,5,Harry Potter and the Goblet of Fire,2005,,,,,
2025-11-24,Labyrinth,,2,4,Harry Potter and the Deathly Hallows: Part 2,2011,,,,,
2025-11-26,Killer's Kiss,,1.5,3,Harry Potter and the Order of the Phoenix,2007,,,,,
2025-11-30,Sorcerer,,4,8,Harry Potter 20th Anniversary: Return to Hogwarts,2022,,,,,
2025-12-01,The Incredible Melting Man,,2,4,Into the Woods,2014,,,,,
2025-12-01,Don't Worry Darling,,3,6,Mad Max,1979,,,,,
2025-12-01,Sisu: Road to Revenge,,3.5,7,Mad Max 2,1981,,,,,
2025-12-02,Krampus,,1.5,3,The Big Short,2015,,,,,
2025-12-03,Wicked: For Good,,3.5,7,Lars and the Real Girl,2007,,,,,
2025-12-05,Bad Santa,,3,6,Remember the Titans,2000,,,,,
2025-12-08,Gremlins,,3.5,7,The Great Gatsby,2013,,,,,
2025-12-09,A Muppet Family Christmas,,4,8,Kung Fu Panda 3,2016,,,,,
2025-12-12,The Year Without a Santa Claus,,4,8,Power Rangers,2017,,,,,
2025-12-13,Scrooged,,1.5,3,The Patriot,2000,,,,,
2025-12-14,Santa Claus Is Comin' to Town,,3.5,7,Beauty and the Beast,2017,,,,,
2025-12-14,The Christmas Tree,,1,2,Harry Potter and the Deathly Hallows: Part 1,2010,,,,,
2025-12-15,Four Christmases,,3,6,Harry Potter and the Half-Blood Prince,2009,,,,,
2025-12-17,The Apartment,,4,8,Harry Potter and the Chamber of Secrets,2002,,,,,
2025-12-19,Tokyo Godfathers,,3.5,7,X-Men,2000,,,,,
2025-12-22,How the Grinch Stole Christmas,,4,8,Les Misérables,2012,,,,,
2025-12-24,Miracle on 34th Street,,3,6,X2,2003,,,,,
2025-12-27,Marty Supreme,,3.5,7,Happy Feet,2006,,,,,
2025-12-28,Wake Up Dead Man,,4,8,Real Steel,2011,,,,,
2025-12-29,Black Bag,,2.5,5,Bad Education,2019,,,,,
2025-12-29,Sovereign,,3.5,7,Robin Hood: Men in Tights,1993,,,,,
2025-12-29,Everybody Wants Some!!,,4,8,Jimmy Neutron: Boy Genius,2001,,,,,
2026-01-03,Warfare,,3.5,7,Furiosa: A Mad Max Saga,2024,,,,,
2026-01-03,The Rapsittie Street Kids: Believe in Santa,,0.5,1,Inside Out 2,2024,,,,,
2026-01-04,Train Dreams,,4,8,Deadpool & Wolverine,2024,,,,,
2026-01-05,The Edge of Seventeen,,4,8,Kiki's Delivery Service,1989,,,,,
2026-01-06,Frankenstein,,3,6,Hit Man,2023,,,,,
2026-01-06,Pom Poko,,3,6,Full Metal Jacket,1987,,,,,
2026-01-07,Train to Busan,,3.5,7,Alien: Romulus,2024,,,,,
2026-01-08,Bugonia,,3,6,Manos: The Hands of Fate,1966,,,,,
2026-01-08,Shiva Baby,,3.5,7,Nazis at the Center of the Earth,2012,,,,,
2026-01-09,Daisies,,0.5,1,The Killing,1956,,,,,
2026-01-09,Rear Window,,4,8,Glass,2019,,,,,
2026-01-11,Zootopia 2,,3.5,7,9,2009,,,,,
2026-01-12,Moonlight,,3.5,7,Spy Kids 3-D: Game Over,2003,,,,,
2026-01-13,Jay Kelly,,4,8,I Don't Feel at Home in This World Anymore,2017,,,,,
2026-01-14,Blue Moon,,2,4,Happy Feet Two,2011,,,,,
2026-01-15,Companion,,3.5,7,The Hobbit: An Unexpected Journey,2012,,,,,
2026-01-16,Dazed and Confused,,3.5,7,"Hail, Caesar!",2016,,,,,
2026-01-20,The Rip,,1.5,3,The Hurt Locker,2008,,,,,
2026-01-21,Beast of War,,2,4,Wallace & Gromit: The Curse of the Were-Rabbit,2005,,,,,
2026-01-22,Freaky Tales,,3,6,Game Night,2018,,,,,
2026-01-23,Sentimental Value,,4,8,Sherlock Holmes,2009,,,,,
2026-01-23,If I Had Legs I'd Kick You,,4,8,The Family Stone,2005,,,,,
2026-01-23,Ballad of a Small Player,,1,2,Sherlock Holmes: A Game of Shadows,2011,,,,,
2026-01-25,Elio,,3,6,Hoot,2006,,,,,
2026-01-26,Wedding Crashers,,3.5,7,Glass Onion,2022,,,,,
2026-01-26,Harry Potter and the Goblet of Fire,,4,8,Rebel Ridge,2024,,,,,
2026-01-28,KPop Demon Hunters,,3.5,7,Moneyball,2011,,,,,
2026-01-29,Hamnet,,3,6,Freaks,1932,,,,,
2026-01-29,Bob Trevino Likes It,,4,8,Lilo & Stitch,2002,,,,,
2026-01-30,Song Sung Blue,,2.5,5,Lilo & Stitch 2: Stitch Has a Glitch,2005,,,,,
2026-01-30,Sinners,,3.5,7,Stitch! The Movie,2003,,,,,
2026-02-05,Thief,,3.5,7,The Year Without a Santa Claus,1974,,,,,
2026-02-05,The Return of the Texas Chainsaw Massacre,,1.5,3,Super 8,2011,,,,,
2026-02-06,The Pursuit of Happyness,,4.5,9,The Stuff,1985,,,,,
,,,,,Forbidden World,1982,,,,,
,,,,,Killer Klowns from Outer Space,1988,,,,,
,,,,,X,2022,,,,,
,,,,,Mean Girls,2004,,,,,
,,,,,Transformers,2007,,,,,
,,,,,Teenage Mutant Ninja Turtles,2014,,,,,
,,,,,A Bad Moms Christmas,2017,,,,,
,,,,,The Maze Runner,2014,,,,,
,,,,,Maleficent,2014,,,,,
,,,,,Ella Enchanted,2004,,,,,
,,,,,Cinderella,2015,,,,,
,,,,,Cinderella,1950,,,,,
,,,,,Snow White and the Seven Dwarfs,1937,,,,,
,,,,,Sleeping Beauty,1959,,,,,
,,,,,Beauty and the Beast,1991,,,,,
,,,,,Frozen,2013,,,,,
,,,,,Aladdin,1992,,,,,
,,,,,The Black Cauldron,1985,,,,,
,,,,,Turning Red,2022,,,,,
,,,,,Epic,2013,,,,,
,,,,,Tarzan,1999,,,,,
,,,,,Bambi,1942,,,,,
,,,,,The Jungle Book,1967,,,,,
,,,,,Pocahontas,1995,,,,,
,,,,,Atlantis: The Lost Empire,2001,,,,,
,,,,,The Lorax,2012,,,,,
,,,,,Rio,2011,,,,,
,,,,,Rio 2,2014,,,,,
,,,,,Alvin and the Chipmunks,2007,,,,,
,,,,,Curious George,2006,,,,,
,,,,,Pinocchio,1940,,,,,
,,,,,The Grinch,2018,,,,,
,,,,,Dinosaur,2000,,,,,
,,,,,The Hunchback of Notre Dame,1996,,,,,
,,,,,Hercules,1997,,,,,
,,,,,The Great Mouse Detective,1986,,,,,
,,,,,Robin Hood,1973,,,,,
,,,,,The Sword in the Stone,1963,,,,,
,,,,,Minions,2015,,,,,
,,,,,Peter Pan,1953,,,,,
,,,,,The Jerk,1979,,,,,
,,,,,Ponyo,2008,,,,,
,,,,,Poltergeist,1982,,,,,
,,,,,Everything Everywhere All at Once,2022,,,,,
,,,,,Coraline,2009,,,,,
,,,,,Spider-Man,2002,,,,,
,,,,,A Clockwork Orange,1971,,,,,
,,,,,Spider-Man 2,2004,,,,,
,,,,,Boy Kills World,2023,,,,,
,,,,,Your Lucky Day,2023,,,,,
,,,,,Kill Bill: Vol. 2,2004,,,,,
,,,,,Upgrade,2018,,,,,
,,,,,Room,2015,,,,,
,,,,,Jurassic World,2015,,,,,
,,,,,Death Race 2000,1975,,,,,
,,,,,Bird on a Wire,1990,,,,,
,,,,,Red One,2024,,,,,
,,,,,The Star Wars Holiday Special,1978,,,,,
,,,,,Jingle All the Way,1996,,,,,
,,,,,Anna and the Apocalypse,2017,,,,,
,,,,,Twisted,2004,,,,,
,,,,,Jumper,2008,,,,,
,,,,,Pinocchio's Christmas,1980,,,,,
,,,,,Nosferatu,2024,,,,,
,,,,,Love & Mercy,2014,,,,,
,,,,,2012,2009,,,,,
,,,,,Friends: The Reunion,2021,,,,,
,,,,,The Golden Compass,2007,,,,,
,,,,,A Goofy Movie,1995,,,,,
,,,,,Spaceballs,1987,,,,,
,,,,,"Batman: The Dark Knight Returns, Part 1",2012,,,,,
,,,,,The SpongeBob Movie: Sponge Out of Water,2015,,,,,
,,,,,"Mickey, Donald, Goofy: The Three Musketeers",2004,,,,,
,,,,,The Ant Bully,2006,,,,,
,,,,,Snack Shack,2024,,,,,
,,,,,A Complete Unknown,2024,,,,,
,,,,,Honey Boy,2019,,,,,
,,,,,The Little Mermaid,1989,,,,,
,,,,,The Many Adventures of Winnie the Pooh,1977,,,,,
,,,,,Oliver & Company,1988,,,,,
,,,,,The Aristocats,1970,,,,,
,,,,,One Hundred and One Dalmatians,1961,,,,,
,,,,,Lady and the Tramp,1955,,,,,
,,,,,Alice in Wonderland,1951,,,,,
,,,,,Home on the Range,2004,,,,,
,,,,,Dumbo,1941,,,,,
,,,,,The Fox and the Hound,1981,,,,,
,,,,,Grave of the Fireflies,1988,,,,,
,,,,,The Incredible Hulk,2008,,,,,
,,,,,Thor: The Dark World,2013,,,,,
,,,,,The Graduate,1967,,,,,
,,,,,A Real Pain,2024,,,,,
,,,,,The Beach Boys,2024,,,,,
,,,,,Little Miss Sunshine,2006,,,,,
,,,,,Number 24,2024,,,,,
,,,,,Arcadian,2024,,,,,
,,,,,Funny Pages,2022,,,,,
,,,,,Between the Temples,2024,,,,,
,,,,,Emilia Pérez,2024,,,,,
,,,,,The Fall Guy,2024,,,,,
,,,,,The Equalizer,2014,,,,,
,,,,,Man on Fire,2004,,,,,
,,,,,Fences,2016,,,,,
,,,,,Woman of the Hour,2023,,,,,
,,,,,Laserblast,1978,,,,,
,,,,,The Giver,2014,,,,,
,,,,,Wallace & Gromit: Vengeance Most Fowl,2024,,,,,
,,,,,Oldboy,2003,,,,,
,,,,,Lucy,2014,,,,,
,,,,,Hawkeye,2021,,,,,
,,,,,Ender's Game,2013,,,,,
,,,,,Hoosiers,1986,,,,,
,,,,,Captain America: Brave New World,2025,,,,,
,,,,,Chiefsaholic: A Wolf in Chiefs Clothing,2024,,,,,
,,,,,Avatar,2009,,,,,
,,,,,Pirates of the Caribbean: The Curse of the Black Pearl,2003,,,,,
,,,,,The Book of Life,2014,,,,,
,,,,,Wizards of Waverly Place: The Movie,2009,,,,,
,,,,,The Bourne Ultimatum,2007,,,,,
,,,,,The Adventures of Tintin,2011,,,,,
,,,,,Space Jam,1996,,,,,
,,,,,Knocked Up,2007,,,,,
,,,,,Sausage Party,2016,,,,,
,,,,,Sleeping with Other People,2015,,,,,
,,,,,Get Hard,2015,,,,,
,,,,,Blades of Glory,2007,,,,,
,,,,,Kicking & Screaming,2005,,,,,
,,,,,SNL50: The Anniversary Special,2025,,,,,
,,,,,Saturday Night,2024,,,,,
,,,,,Memento,2000,,,,,
,,,,,Hundreds of Beavers,2022,,,,,
,,,,,Caddyshack,1980,,,,,
,,,,,Hot Rod,2007,,,,,
,,,,,Tropic Thunder,2008,,,,,
,,,,,Pineapple Express,2008,,,,,
,,,,,The 40 Year Old Virgin,2005,,,,,
,,,,,21 Jump Street,2012,,,,,
,,,,,Rise of the Planet of the Apes,2011,,,,,
,,,,,Spider-Man 3,2007,,,,,
,,,,,Blow Out,1981,,,,,
,,,,,Where the Wild Things Are,2009,,,,,
,,,,,"Good Morning, Vietnam",1987,,,,,
,,,,,The Crying Game,1992,,,,,
,,,,,Billy Elliot,2000,,,,,
,,,,,Rocketman,2019,,,,,
,,,,,King Kong,2005,,,,,
,,,,,Fantastic Four,2015,,,,,
,,,,,Man on a Ledge,2012,,,,,
,,,,,50/50,2011,,,,,
,,,,,Black Mirror: Nosedive,2016,,,,,
,,,,,Pete's Dragon,2016,,,,,
,,,,,"Lock, Stock and Two Smoking Barrels",1998,,,,,
,,,,,The Suicide Squad,2021,,,,,
,,,,,The Gentlemen,2019,,,,,
,,,,,Aquaman,2018,,,,,
,,,,,Lion,2016,,,,,
,,,,,G.I. Joe: The Rise of Cobra,2009,,,,,
,,,,,Wicked,2024,,,,,
,,,,,Conclave,2024,,,,,
,,,,,The Death of Stalin,2017,,,,,
,,,,,Spy Kids 2: The Island of Lost Dreams,2002,,,,,
,,,,,Transformers: The Last Knight,2017,,,,,
,,,,,Monsters vs Aliens,2009,,,,,
,,,,,I'm Still Here,2024,,,,,
,,,,,The Wild Robot,2024,,,,,
,,,,,Gravity,2013,,,,,
,,,,,Children of Men,2006,,,,,
,,,,,Tag,2018,,,,,
,,,,,The Cat in the Hat,2003,,,,,
,,,,,The Theory of Everything,2014,,,,,
,,,,,Devil,2010,,,,,
,,,,,Home Alone 2: Lost in New York,1992,,,,,
,,,,,A Simple Favor,2018,,,,,
,,,,,Moon,2009,,,,,
,,,,,Super Size Me,2004,,,,,
,,,,,September 5,2024,,,,,
,,,,,Borat: Cultural Learnings of America for Make Benefit Glorious Nation of Kazakhstan,2006,,,,,
,,,,,The Last of the Mohicans,1992,,,,,
,,,,,Anora,2024,,,,,
,,,,,L.A. Confidential,1997,,,,,
,,,,,The Peanut Butter Falcon,2019,,,,,
,,,,,Gerald's Game,2017,,,,,
,,,,,Lord of War,2005,,,,,
,,,,,Collateral,2004,,,,,
,,,,,Edge of Tomorrow,2014,,,,,
,,,,,Mission: Impossible,1996,,,,,
,,,,,Mission: Impossible – Fallout,2018,,,,,
,,,,,Mission: Impossible – Rogue Nation,2015,,,,,
,,,,,The Outsiders,1983,,,,,
,,,,,Mission: Impossible II,2000,,,,,
,,,,,Date Movie,2006,,,,,
,,,,,A Haunted House,2013,,,,,
,,,,,Sharktopus,2010,,,,,
,,,,,A Haunted House 2,2014,,,,,
,,,,,Hobo with a Shotgun,2011,,,,,
,,,,,Flesh Gordon,1974,,,,,
,,,,,Conan the Barbarian,1982,,,,,
,,,,,The DUFF,2015,,,,,
,,,,,Fractured,2019,,,,,
,,,,,I Lost My Body,2019,,,,,
,,,,,Batman: Assault on Arkham,2014,,,,,
,,,,,Midnight Run,1988,,,,,
,,,,,Run Lola Run,1998,,,,,
,,,,,Tall Girl,2019,,,,,
,,,,,Airplane!,1980,,,,,
,,,,,Kimi,2022,,,,,
,,,,,The Nut Job,2014,,,,,
,,,,,Bone Tomahawk,2015,,,,,
,,,,,Mickey 17,2025,,,,,
,,,,,Almost Famous,2000,,,,,
,,,,,Playground,2021,,,,,
,,,,,Nickel Boys,2024,,,,,
,,,,,Greedy People,2024,,,,,
,,,,,Premium Rush,2012,,,,,
,,,,,Brick,2005,,,,,
,,,,,Cowboys & Aliens,2011,,,,,
,,,,,Star Wars,1977,,,,,
,,,,,Wind River,2017,,,,,
,,,,,Fargo,1996,,,,,
,,,,,The Running Man,1987,,,,,
,,,,,Rubber,2010,,,,,
,,,,,Clueless,1995,,,,,
,,,,,Blazing Saddles,1974,,,,,
,,,,,Modern Times,1936,,,,,
,,,,,The Wizard of Oz,1939,,,,,
,,,,,Pretty Woman,1990,,,,,
,,,,,Who Framed Roger Rabbit,1988,,,,,
,,,,,Plus One,2019,,,,,
,,,,,The Electric State,2025,,,,,
,,,,,Ichi the Killer,2001,,,,,
,,,,,Interstella 5555: The 5tory of the 5ecret 5tar 5ystem,2003,,,,,
,,,,,Soylent Green,1973,,,,,
,,,,,Look Back,2024,,,,,
,,,,,Aliens in the Attic,2009,,,,,
,,,,,Now You See Me,2013,,,,,
,,,,,The Way Way Back,2013,,,,,
,,,,,About a Boy,2002,,,,,
,,,,,Monty Python and the Holy Grail,1975,,,,,
,,,,,A Streetcar Named Desire,1951,,,,,
,,,,,Hoodwinked!,2005,,,,,
,,,,,Fritz the Cat,1972,,,,,
,,,,,Save the Green Planet!,2003,,,,,
,,,,,Tomorrowland,2015,,,,,
,,,,,Source Code,2011,,,,,
,,,,,The Thing,1982,,,,,
,,,,,Clue,1985,,,,,
,,,,,Flow,2024,,,,,
,,,,,The Call,2013,,,,,
,,,,,Smokin' Aces,2006,,,,,
,,,,,The Cat Returns,2002,,,,,
,,,,,Who Killed Captain Alex?,2010,,,,,
,,,,,National Treasure,2004,,,,,
,,,,,The Day After Tomorrow,2004,,,,,
,,,,,Scooby-Doo,2002,,,,,
,,,,,The Bourne Supremacy,2004,,,,,
,,,,,The Lion King 1½,2004,,,,,
,,,,,Charlie and the Chocolate Factory,2005,,,,,
,,,,,Zathura: A Space Adventure,2005,,,,,
,,,,,The Gingerdead Man,2005,,,,,
,,,,,The Devil Wears Prada,2006,,,,,
,,,,,Hugo,2011,,,,,
,,,,,Puss in Boots,2011,,,,,
,,,,,Warrior,2011,,,,,
,,,,,Hanna,2011,,,,,
,,,,,Black Mirror: The Entire History of You,2011,,,,,
,,,,,The Green Hornet,2011,,,,,
,,,,,The Pianist,2002,,,,,
,,,,,It's a Wonderful Life,1946,,,,,
,,,,,Taken,2008,,,,,
,,,,,The Incident,1967,,,,,
,,,,,The Game,1997,,,,,
,,,,,Nurse Sherri,1977,,,,,
,,,,,Spy Kids,2001,,,,,
,,,,,Not Another Teen Movie,2001,,,,,
,,,,,Scooby-Doo and the Cyber Chase,2001,,,,,
,,,,,Monkeybone,2001,,,,,
,,,,,Chronicle,2012,,,,,
,,,,,Creed,2015,,,,,
,,,,,Life of Pi,2012,,,,,
,,,,,Se7en,1995,,,,,
,,,,,Sinners,2025,,,,,
,,,,,Xtro,1982,,,,,
,,,,,R.I.P.D.,2013,,,,,
,,,,,Blue Ruin,2013,,,,,
,,,,,Santa Claus Is Comin' to Town,1970,,,,,
,,,,,Jack Frost,1979,,,,,
,,,,,Rudolph's Shiny New Year,1976,,,,,
,,,,,Beavis and Butt-Head Do America,1996,,,,,
,,,,,Amélie,2001,,,,,
,,,,,The Powerpuff Girls Movie,2002,,,,,
,,,,,Twilight,2008,,,,,
,,,,,Trap,2024,,,,,
,,,,,Seven Samurai,1954,,,,,
,,,,,Come and See,1985,,,,,
,,,,,Ilsa: Harem Keeper of the Oil Sheiks,1976,,,,,
,,,,,Thriller: A Cruel Picture,1973,,,,,
,,,,,The Foot Fist Way,2006,,,,,
,,,,,Tombstone,1993,,,,,
,,,,,Monty Python's The Meaning of Life,1983,,,,,
,,,,,Bo Burnham: The Inside Outtakes,2022,,,,,
,,,,,Brothers,2024,,,,,
,,,,,Poor Things,2023,,,,,
,,,,,The Town,2010,,,,,
,,,,,The Secret World of Arrietty,2010,,,,,
,,,,,My Neighbor Totoro,1988,,,,,
,,,,,Prey,2022,,,,,
,,,,,Thunderbolts*,2025,,,,,
,,,,,Ran,1985,,,,,
,,,,,A Fish Called Wanda,1988,,,,,
,,,,,Tetris,2023,,,,,
,,,,,Juno,2007,,,,,
,,,,,Love Actually,2003,,,,,
,,,,,Elf,2003,,,,,
,,,,,Freaky Friday,2003,,,,,
,,,,,The Bourne Identity,2002,,,,,
,,,,,Fantastic Four,2005,,,,,
,,,,,Surf's Up,2007,,,,,
,,,,,The Blind Side,2009,,,,,
,,,,,The Room,2003,,,,,
,,,,,Beetlejuice,1988,,,,,
,,,,,The Breakfast Club,1985,,,,,
,,,,,The Odd Life of Timothy Green,2012,,,,,
,,,,,Inside Moves,1980,,,,,
,,,,,The Witches,1990,,,,,
,,,,,Altered States,1980,,,,,
,,,,,Ted 2,2015,,,,,
,,,,,True Lies,1994,,,,,
,,,,,The Fog,1980,,,,,
,,,,,The Wrong Trousers,1993,,,,,
,,,,,Raging Bull,1980,,,,,
,,,,,Terror Train,1980,,,,,
,,,,,The Tune,1992,,,,,
,,,,,American Gigolo,1980,,,,,
,,,,,Cha Cha Real Smooth,2022,,,,,
,,,,,The Adventures of Ichabod and Mr. Toad,1949,,,,,
,,,,,Smiley Face,2007,,,,,
,,,,,Student Bodies,1981,,,,,
,,,,,Prom Night,1980,,,,,
,,,,,Mad God,2021,,,,,
,,,,,Frogs,1972,,,,,
,,,,,The Parent Trap,1998,,,,,
,,,,,Brooklyn,2015,,,,,
,,,,,Ordinary People,1980,,,,,
,,,,,The Elephant Man,1980,,,,,
,,,,,The Overnight,2015,,,,,
,,,,,This Means War,2012,,,,,
,,,,,"Batman: The Dark Knight Returns, Part 2",2013,,,,,
,,,,,Paths of Glory,1957,,,,,
,,,,,Scanners,1981,,,,,
,,,,,Whisper of the Heart,1995,,,,,
,,,,,Phineas and Ferb The Movie: Across the 2nd Dimension,2011,,,,,
,,,,,War Horse,2011,,,,,
,,,,,The King's Speech,2010,,,,,
,,,,,The Insider,1999,,,,,
,,,,,Sherlock Jr.,1924,,,,,
,,,,,American Beauty,1999,,,,,
,,,,,Frankenweenie,2012,,,,,
,,,,,Pleasantville,1998,,,,,
,,,,,Batman: Mask of the Phantasm,1993,,,,,
,,,,,Wolfwalkers,2020,,,,,
,,,,,Seabiscuit,2003,,,,,
,,,,,The Green Mile,1999,,,,,
,,,,,Office Space,1999,,,,,
,,,,,Trainspotting,1996,,,,,
,,,,,The Prestige,2006,,,,,
,,,,,But I'm a Cheerleader,1999,,,,,
,,,,,Once Upon a Time... in Hollywood,2019,,,,,
,,,,,Go,1999,,,,,
,,,,,Elemental,2023,,,,,
,,,,,F1,2025,,,,,
,,,,,We're the Millers,2013,,,,,
,,,,,The Straight Story,1999,,,,,
,,,,,Lightyear,2022,,,,,
,,,,,Batman Returns,1992,,,,,
,,,,,How to Train Your Dragon,2025,,,,,
,,,,,10 Things I Hate About You,1999,,,,,
,,,,,Say Anything...,1989,,,,,
,,,,,The Matrix,1999,,,,,
,,,,,12 Angry Men,1957,,,,,
,,,,,Superman,2025,,,,,
,,,,,Justice League: Doom,2012,,,,,
,,,,,The Hurricane,1999,,,,,
,,,,,"Mystery, Alaska",1999,,,,,
,,,,,Frankie Freako,2024,,,,,
,,,,,Kingpin,1996,,,,,
,,,,,The Ox-Bow Incident,1943,,,,,
,,,,,She's Out of My League,2010,,,,,
,,,,,My Big Fat Greek Wedding,2002,,,,,
,,,,,Yor: The Hunter from the Future,1983,,,,,
,,,,,City of God,2002,,,,,
,,,,,Dr. Strangelove or: How I Learned to Stop Worrying and Love the Bomb,1964,,,,,
,,,,,Varsity Blues,1999,,,,,
,,,,,Dog Day Afternoon,1975,,,,,
,,,,,Flora and Son,2023,,,,,
,,,,,Black Mirror: White Bear,2013,,,,,
,,,,,Black Mirror: Be Right Back,2013,,,,,
,,,,,Black Mirror: White Christmas,2014,,,,,
,,,,,Black Mirror: Playtest,2016,,,,,
,,,,,Black Mirror: Shut Up and Dance,2016,,,,,
,,,,,Black Mirror: USS Callister,2017,,,,,
,,,,,Black Mirror: Metalhead,2017,,,,,
,,,,,Cooties,2014,,,,,
,,,,,Scouts Guide to the Zombie Apocalypse,2015,,,,,
,,,,,A Close Shave,1995,,,,,
,,,,,Safe Men,1998,,,,,
,,,,,Vertigo,1958,,,,,
,,,,,Happy Gilmore 2,2025,,,,,
,,,,,Boxcar Bertha,1972,,,,,
,,,,,Face/Off,1997,,,,,
,,,,,Five Corners,1987,,,,,
,,,,,Animal Kingdom,2010,,,,,
,,,,,Wonderwall,1968,,,,,
,,,,,Castle in the Sky,1986,,,,,
,,,,,The Fantastic 4: First Steps,2025,,,,,
,,,,,Mary and Max,2009,,,,,
,,,,,Blackenstein,1973,,,,,
,,,,,It's Alive,1974,,,,,
,,,,,Weird Science,1985,,,,,
,,,,,The Hidden,1987,,,,,
,,,,,Nacho Libre,2006,,,,,
,,,,,Wyrmwood: Road of the Dead,2014,,,,,
,,,,,Legend,1985,,,,,
,,,,,Wolfs,2024,,,,,
,,,,,I Married a Witch,1942,,,,,
,,,,,From Up on Poppy Hill,2011,,,,,
,,,,,Zodiac,2007,,,,,
,,,,,Weapons,2025,,,,,
,,,,,The Conversation,1974,,,,,
,,,,,Valley Girl,1983,,,,,
,,,,,The Seventh Seal,1957,,,,,
,,,,,Punch-Drunk Love,2002,,,,,
,,,,,Sexy Beast,2000,,,,,
,,,,,From Dusk Till Dawn,1996,,,,,
,,,,,Sing Sing,2023,,,,,
,,,,,Planet of the Apes,1968,,,,,
,,,,,Beneath the Planet of the Apes,1970,,,,,
,,,,,Stuart Little,1999,,,,,
,,,,,Noelle,2019,,,,,
,,,,,National Lampoon's Christmas Vacation,1989,,,,,
,,,,,E.T. the Extra-Terrestrial,1982,,,,,
,,,,,Grease,1978,,,,,
,,,,,Willy Wonka & the Chocolate Factory,1971,,,,,
,,,,,3 Ninjas,1992,,,,,
,,,,,The Player,1992,,,,,
,,,,,Heat,1995,,,,,
,,,,,The Party,1968,,,,,
,,,,,Lost in Translation,2003,,,,,
,,,,,Rudolph the Red-Nosed Reindeer,1964,,,,,
,,,,,Grandma Got Run Over by a Reindeer,2000,,,,,
,,,,,Paper Moon,1973,,,,,
,,,,,The Parallax View,1974,,,,,
,,,,,The Pacifier,2005,,,,,
,,,,,Bubba Ho-tep,2002,,,,,
,,,,,Phantasm,1979,,,,,
,,,,,Network,1976,,,,,
,,,,,A Little Romance,1979,,,,,
,,,,,Awakenings,1990,,,,,
,,,,,"Game Over, Man!",2018,,,,,
,,,,,Pokémon: The First Movie,1998,,,,,
,,,,,My Neighbors the Yamadas,1999,,,,,
,,,,,God Help the Girl,2014,,,,,
,,,,,The Jericho Mile,1979,,,,,
,,,,,Deadly Weapons,1974,,,,,
,,,,,Chinatown,1974,,,,,
,,,,,One Battle After Another,2025,,,,,
,,,,,Serpico,1973,,,,,
,,,,,Klute,1971,,,,,
,,,,,Duck Soup,1933,,,,,
,,,,,Trick 'r Treat,2007,,,,,
,,,,,The Night Evelyn Came Out of the Grave,1971,,,,,
,,,,,The Texas Chain Saw Massacre,1974,,,,,
,,,,,You're Next,2011,,,,,
,,,,,Scream,1996,,,,,
,,,,,Scary Godmother: Halloween Spooktakular,2003,,,,,
,,,,,The Descent,2005,,,,,
,,,,,Over the Garden Wall,2014,,,,,
,,,,,The Stepford Wives,1975,,,,,
,,,,,The Fly,1986,,,,,
,,,,,The Substance,2024,,,,,
,,,,,Death of a Unicorn,2025,,,,,
,,,,,Scooby-Doo! and the Reluctant Werewolf,1988,,,,,
,,,,,Midsommar,2019,,,,,
,,,,,Manhunter,1986,,,,,
,,,,,It's What's Inside,2024,,,,,
,,,,,Bram Stoker's Dracula,1992,,,,,
,,,,,I Care a Lot,2020,,,,,
,,,,,Children Shouldn't Play with Dead Things,1972,,,,,
,,,,,Alien,1979,,,,,
,,,,,Chainsaw Man – The Movie: Reze Arc,2025,,,,,
,,,,,Braindead,1992,,,,,
,,,,,Halloween,1978,,,,,
,,,,,Don't Look in the Basement,1973,,,,,
,,,,,Halloweentown,1998,,,,,
,,,,,Hocus Pocus,1993,,,,,
,,,,,Rosemary's Baby,1968,,,,,
,,,,,Isle of Dogs,2018,,,,,
,,,,,The Warriors,1979,,,,,
,,,,,King of New York,1990,,,,,
,,,,,The Naked Gun,2025,,,,,
,,,,,Edward Scissorhands,1990,,,,,
,,,,,Small Things Like These,2024,,,,,
,,,,,Labyrinth,1986,,,,,
,,,,,Legend of the Guardians: The Owls of Ga'Hoole,2010,,,,,
,,,,,Killer's Kiss,1955,,,,,
,,,,,Sorcerer,1977,,,,,
,,,,,The Incredible Melting Man,1977,,,,,
,,,,,Don't Worry Darling,2022,,,,,
,,,,,Sisu: Road to Revenge,2025,,,,,
,,,,,Krampus,2015,,,,,
,,,,,Wicked: For Good,2025,,,,,
,,,,,Alice in Wonderland,2010,,,,,
,,,,,The Hobbit: The Battle of the Five Armies,2014,,,,,
,,,,,A Christmas Prince,2017,,,,,
,,,,,A Christmas Story,1983,,,,,
,,,,,Bad Santa,2003,,,,,
,,,,,Gremlins,1984,,,,,
,,,,,Batman: The Killing Joke,2016,,,,,
,,,,,A Muppet Family Christmas,1987,,,,,
,,,,,Scrooged,1988,,,,,
,,,,,The Christmas Tree,1991,,,,,
,,,,,Four Christmases,2008,,,,,
,,,,,The Apartment,1960,,,,,
,,,,,The Christmas Contract,2018,,,,,
,,,,,Tokyo Godfathers,2003,,,,,
,,,,,Solo: A Star Wars Story,2018,,,,,
,,,,,Miracle on 34th Street,1994,,,,,
,,,,,Marty Supreme,2025,,,,,
,,,,,Wake Up Dead Man,2025,,,,,
,,,,,Black Bag,2025,,,,,
,,,,,Sovereign,2025,,,,,
,,,,,Everybody Wants Some!!,2016,,,,,
,,,,,Warfare,2025,,,,,
,,,,,The Rapsittie Street Kids: Believe in Santa,2002,,,,,
,,,,,Train Dreams,2025,,,,,
,,,,,The Edge of Seventeen,2016,,,,,
,,,,,Frankenstein,2025,,,,,
,,,,,Pom Poko,1994,,,,,
,,,,,Train to Busan,2016,,,,,
,,,,,Bugonia,2025,,,,,
,,,,,Shiva Baby,2020,,,,,
,,,,,Daisies,1966,,,,,
,,,,,Rear Window,1954,,,,,
,,,,,Zootopia 2,2025,,,,,
,,,,,Moonlight,2016,,,,,
,,,,,Jay Kelly,2025,,,,,
,,,,,Blue Moon,2025,,,,,
,,,,,Companion,2025,,,,,
,,,,,Dazed and Confused,1993,,,,,
,,,,,The Rip,2026,,,,,
,,,,,Beast of War,2025,,,,,
,,,,,Freaky Tales,2024,,,,,
,,,,,Sentimental Value,2025,,,,,
,,,,,If I Had Legs I'd Kick You,2025,,,,,
,,,,,Ballad of a Small Player,2025,,,,,
,,,,,Elio,2025,,,,,
,,,,,Two People Exchanging Saliva,2024,,,,,
,,,,,KPop Demon Hunters,2025,,,,,
,,,,,Hamnet,2025,,,,,
,,,,,Bob Trevino Likes It,2024,,,,,
,,,,,Song Sung Blue,2025,,,,,
,,,,,Thief,1981,,,,,
,,,,,The Return of the Texas Chainsaw Massacre,1995,,,,,
,,,,,The Pursuit of Happyness,2006,,,,,