Name.1,Year,Date,Ratings,Dugan Ratings,Review,Liked
(500) Days of Summer,2009,06/20/2023,4.0,8.0,,Yes
10 Things I Hate About You,1999,07/08/2025,3.5,7.0,That was a really confusing way for Joey to gift Kat a guitar,Yes
101 Dalmatians,1996,,,,,
12 Angry Men,1957,07/10/2025,4.5,9.0,"Ranking Angry Men:
 #7 No one cares about your baseball game, did help with the fan though 
#10 Racist :(, was the reason for the best scene though 
#1 Ain’t no way you keep everything cordial but have no talking points the entire time??
#2 Gives sidekick energy, called racist man friend 
#12 Loves talking about his corporate job, has a nice story arch though
#5 Mid tier, gonna be the only one I forget from this movie 
#3 Maybe beats son :(, but has the best performance by far (So angry) 
#8 Observant about glasses, very cute grandpa 
#7 Likes to say “I don’t know”, but is the reason for the movie 
#6 Want to grab a beer with him, has my favorite line of the movie 
#4 Maybe sweats?, convinced this is how my rationale would go if I was there 
#11 goated, tells baseball man he sucks :)",Yes
1917,2019,04/27/2021,4.0,8.0,,Yes
2012,2009,,,,,
21,2008,06/20/2023,2.5,5.0,,
21 Jump Street,2012,,,,,
3 Ninjas,1992,,,,,
50/50,2011,,,,,
9,2009,,,,,
A Bad Moms Christmas,2017,,,,,
A Bug's Life,1998,,,,,
A Christmas Carol,2009,,,,,
A Christmas Prince,2017,,,,,
A Christmas Story,1983,,,,,
A Clockwork Orange,1971,,,,,
A Close Shave,1995,,,,,
A Complete Unknown,2024,01/16/2025,4.0,8.0,Genre may be getting bloated but another Johnny Cash movie may be necessary,Yes
A Few Good Men,1992,05/16/2024,4.5,9.0,,Yes
A Fish Called Wanda,1988,05/19/2025,4.0,8.0,"Hate to say it but wished the old lady had 10 more dogs for Ken, every scene with them was 10/10",Yes
A Goofy Movie,1995,,,,,
A Haunted House,2013,03/02/2025,2.0,4.0,“Clean yo plate”,
A Haunted House 2,2014,,,,,
A Little Romance,1979,09/15/2025,4.0,8.0,"Richard is no stepdad, that’s the dad that stepped up",Yes
A Man Called Otto,2022,06/12/2023,3.5,7.0,,Yes
A Muppet Family Christmas,1987,12/09/2025,4.0,8.0,"Why has nobody told me there’s a Sesame Street x muppets Christmas crossover, and that it’s peak🥹",Yes
A Quiet Place,2018,04/27/2021,3.5,7.0,,
A Quiet Place Part II,2020,08/04/2021,4.5,9.0,,Yes
A Real Pain,2024,01/20/2025,3.0,6.0,I don’t know if I could survive more than 1 day with him,
A Simple Favor,2018,,,,,
A Streetcar Named Desire,1951,,,,,
About a Boy,2002,,,,,
Ace Ventura: Pet Detective,1994,,,,,
Ace Ventura: When Nature Calls,1995,,,,,
Air,2023,06/12/2023,4.0,8.0,,Yes
Airplane!,1980,,,,,
Aladdin,1992,,,,,
Alice in Wonderland,2010,,,,,
Alice in Wonderland,1951,,,,,
Alien,1979,10/24/2025,4.5,9.0,"Top 5 greatest looking movies of all time. Production design peaked here and maybe will never look this good again. Atmospheric, perfect tension, what a movie. (The slightly lame kills keep this from 5 stars but it close)",Yes
Alien: Romulus,2024,08/21/2024,3.0,6.0,Freaky alien baby lankyman was not on my bingo card,
Aliens in the Attic,2009,,,,,
Almost Famous,2000,03/10/2025,5.0,10.0,Goddamn I am the biggest sucker for white boy  coming of age stories,Yes
Alpha Dog,2006,,,,,
Altered States,1980,05/28/2025,3.5,7.0,Bonkers movie.. how science gonna explain how my guy turned into a whirlpool?,Yes
Alvin and the Chipmunks,2007,,,,,
American Beauty,1999,06/18/2025,4.0,8.0,"Sooooo well made, but a tough watch thats even tougher with Kevin spacey context",Yes
American Gigolo,1980,06/03/2025,3.5,7.0,Last Act of this movie loses steam so quick for so much good setup. Also you see Richard’s Gere shift,
Amsterdam,2022,11/01/2023,1.0,2.0,,
Amélie,2001,05/03/2025,4.0,8.0,Gonna double feature this with Kiki delivery service for the most wholesome 4 hours of my life,Yes
Animal Kingdom,2010,08/04/2025,3.5,7.0,Double feature this with Superman if you want to lose all hope in humanity immediately,
Anna and the Apocalypse,2017,12/17/2024,2.5,5.0,,
Annie Hall,1977,06/20/2023,2.0,4.0,,
Anora,2024,02/28/2025,4.5,9.0,The house “fight” scene is my pick for scene of the year,Yes
Ant-Man,2015,04/27/2021,2.5,5.0,,
Ant-Man and the Wasp,2018,,,,,
Aquaman,2018,,,,,
Arcadian,2024,01/27/2025,1.5,3.0,I need to get a hand on that nondescript medicine to solve all my problems,
Arrival,2016,04/27/2021,4.5,9.0,,Yes
Arthur Christmas,2011,,,,,
Astro Boy,2009,,,,,
Atlantis: The Lost Empire,2001,,,,,
Attack the Block,2011,06/20/2023,2.0,4.0,,
Avatar,2009,,,,,
Avengers: Age of Ultron,2015,04/27/2021,3.5,7.0,,
Avengers: Endgame,2019,04/27/2021,5.0,10.0,,
Avengers: Infinity War,2018,04/27/2021,5.0,10.0,,Yes
Awakenings,1990,,,,,
Baby Driver,2017,04/27/2021,5.0,10.0,,Yes
Babylon,2022,,,,,
Bachelor Party,1984,,,,,
Bad Education,2019,,,,,
Bad Santa,2003,12/05/2025,3.0,6.0,I just know grandma can fix up a delicious sandwich,
Ballad of a Small Player,2025,01/23/2026,1.0,2.0,"May be the worst script I’ve seen since Amsterdam (2022) and I do not say that lightly. Farrell, Swinton, and Berger tried to make the most out of what was given to them, but sprinkles on a turd do not help",
Bambi,1942,,,,,
Barbie,2023,07/25/2023,3.0,6.0,,
Barnyard,2006,,,,,
Batman,1989,,,,,
Batman & Robin,1997,,,,,
Batman Begins,2005,,,,,
Batman Forever,1995,,,,,
Batman Returns,1992,,,,,
Batman v Superman: Dawn of Justice,2016,,,,,
Batman: Assault on Arkham,2014,,,,,
Batman: Mask of the Phantasm,1993,06/23/2025,3.5,7.0,Batman but he’s a sad boi,Yes
"Batman: The Dark Knight Returns, Part 1",2012,,,,,
"Batman: The Dark Knight Returns, Part 2",2013,,,,,
Batman: The Killing Joke,2016,,,,,
Beast of War,2025,01/21/2026,2.0,4.0,According to this movie “based on real events” Japanese soldiers care more about Sake than any other survival equipment,
Beauty and the Beast,2017,,,,,
Beauty and the Beast,1991,,,,,
Beavis and Butt-Head Do America,1996,05/02/2025,3.5,7.0,One day I’ll like my job as much as that lady likes doing cavity searches,Yes
Bee Movie,2007,,,,,
Beetlejuice,1988,,,,,
Belfast,2021,06/20/2023,3.5,7.0,,
Beneath the Planet of the Apes,1970,,,,,
Between the Temples,2024,01/28/2025,2.5,5.0,This is two movies: the dinner scene and then everything else,
Big,1988,,,,,
Big Daddy,1999,,,,,
Big Hero 6,2014,,,,,
Billy Elliot,2000,,,,,
Billy Madison,1995,,,,,
Bird on a Wire,1990,,,,,
Birds of Prey (and the Fantabulous Emancipation of One Harley Quinn),2020,04/27/2021,1.5,3.0,,
Black Bag,2025,12/29/2025,2.5,5.0,"My brain hurts, this is the biggest headache from a movie since Brick. Very cool watch though, wish I cared about their marriage a bit more",
Black Mirror: Be Right Back,2013,,,,,
Black Mirror: Metalhead,2017,,,,,
Black Mirror: Nosedive,2016,,,,,
Black Mirror: Playtest,2016,,,,,
Black Mirror: Shut Up and Dance,2016,,,,,
Black Mirror: The Entire History of You,2011,,,,,
Black Mirror: USS Callister,2017,,,,,
Black Mirror: White Bear,2013,,,,,
Black Mirror: White Christmas,2014,,,,,
Black Panther,2018,04/27/2021,2.0,4.0,,
Black Widow,2021,08/04/2021,3.0,6.0,,
BlackBerry,2023,01/14/2024,4.5,9.0,,Yes
Blackenstein,1973,,,,,
Blades of Glory,2007,,,,,
Blazing Saddles,1974,,,,,
Blood & Gold,2023,07/07/2023,4.0,8.0,,Yes
Blow Out,1981,,,,,
Blue Moon,2025,01/14/2026,2.0,4.0,"This is the opposite of my kind of movie. If I wanted to see a play, I would go see a play",
Blue Ruin,2013,04/30/2025,3.0,6.0,Ben killing Ted is the biggest act of friendship ever made in a movie,
Bo Burnham: Inside,2021,08/06/2021,4.5,9.0,,Yes
Bo Burnham: The Inside Outtakes,2022,05/14/2025,4.0,8.0,Is it sad I would watch a 5 hour cut of Inside?,Yes
Bob Trevino Likes It,2024,01/29/2026,4.0,8.0,"Hands down underrated score of the year, idk who this composer is but he’s got cozy tunes. Also can’t wait to see what Barbie Ferreira does next, what a performance",Yes
Bohemian Rhapsody,2018,04/27/2021,2.5,5.0,,
Bolt,2008,,,,,
Bone Tomahawk,2015,03/07/2025,4.0,8.0,They might be troglodytes but that was a impressively clean cut in half,Yes
Booksmart,2019,04/27/2021,4.0,8.0,,Yes
Borat Subsequent Moviefilm,2020,,,,,
Borat: Cultural Learnings of America for Make Benefit Glorious Nation of Kazakhstan,2006,,,,,
Bowfinger,1999,,,,,
Boxcar Bertha,1972,07/29/2025,1.5,3.0,Scorsese kissing Barbara Hershey for his cameo in this is some Tarantino type move,
Boy Kills World,2023,09/16/2024,2.5,5.0,Every movie should have a camera kill,
Boyhood,2014,,,,,
Braindead,1992,10/25/2025,3.0,6.0,"Turns the quality on its head in the second half, from 2 stars to 4 stars once the animal energizers show up. Didn’t know gore could be so creative",
Bram Stoker's Dracula,1992,10/22/2025,2.5,5.0,Idk if Van Helsing is that good of a role or if Anthony Hopkins and Willem Dafoe are just that good,
Brave,2012,,,,,
Brick,2005,,,,,
Bright,2017,,,,,
Brooklyn,2015,,,,,
Brother Bear,2003,,,,,
Brothers,2024,,,,,
Bruce Almighty,2003,,,,,
Bubba Ho-tep,2002,,,,,
Bugonia,2025,01/08/2026,3.0,6.0,"Feel like I would’ve gotten more from this if I didn’t watch what it was based off beforehand, the big will it, won’t it ending is less impactful when you know what’s gonna happen. Made very well though",
Bullet Train,2022,05/16/2024,3.5,7.0,,
Burn After Reading,2008,02/11/2024,3.0,6.0,,
But I'm a Cheerleader,1999,06/28/2025,3.5,7.0,"Hit or miss comedy, but cared way more about Megan and Graham’s relationship than I thought I would’ve",Yes
Buzz Lightyear of Star Command: The Adventure Begins,2000,,,,,
CODA,2021,06/20/2023,4.0,8.0,,Yes
Caddyshack,1980,,,,,
Captain America: Brave New World,2025,02/17/2025,2.0,4.0,“You stopped my plan so I’m turning myself in”.. put him with the other awful mcu villains,
Captain America: Civil War,2016,04/27/2021,4.0,8.0,,Yes
Captain America: The First Avenger,2011,04/27/2021,2.5,5.0,,
Captain America: The Winter Soldier,2014,04/27/2021,5.0,10.0,,Yes
Captain Phillips,2013,,,,,
Cars,2006,08/08/2025,3.0,6.0,Cars be driving vroom vroom,
Cars 2,2011,,,,,
Cars 3,2017,,,,,
Cast Away,2000,06/20/2023,3.0,6.0,,
Castle in the Sky,1986,08/05/2025,3.5,7.0,"10/10 score, they cooked for 2 hours straight in the studio",
Cats & Dogs,2001,,,,,
Cha Cha Real Smooth,2022,06/04/2025,4.5,9.0,Somebody recommend a bad white boy coming of age movie cause goddamn they can’t keep getting away with it,Yes
Chainsaw Man – The Movie: Reze Arc,2025,10/25/2025,4.0,8.0,,Yes
Champions,2023,06/12/2023,2.0,4.0,,
Charlie and the Chocolate Factory,2005,,,,,
Chicken Little,2005,,,,,
Chicken Run,2000,,,,,
Chiefsaholic: A Wolf in Chiefs Clothing,2024,02/18/2025,3.0,6.0,Very interesting story.. too bad I hate everyone that appears in this,
Children Shouldn't Play with Dead Things,1972,10/23/2025,1.0,2.0,"Description says “Soon the dead are walking about”. Letterboxd is confused, this happens 55 minutes in of an 87 minute movie",
Children of Men,2006,,,,,
Chinatown,1974,10/01/2025,4.0,8.0,"A HISTORIC DAY, I GUESSED THE REVEAL OF A DETECTIVE MOVIE💃 (updated counter of 2 for 300 on this)",Yes
Chip 'n Dale: Rescue Rangers,2022,06/20/2023,2.5,5.0,,
Christmas with the Kranks,2004,,,,,
Chronicle,2012,,,,,
Cinderella,2015,,,,,
Cinderella,1950,,,,,
Citizen Kane,1941,,,,,
City Slickers,1991,07/27/2023,2.5,5.0,,
City of God,2002,07/19/2025,4.0,8.0,"Benny so goated not only did I not care he stole the main character’s girl, Rocket didn’t either",Yes
Cloudy with a Chance of Meatballs,2009,,,,,
Cloudy with a Chance of Meatballs 2,2013,,,,,
Clue,1985,,,,,
Clueless,1995,03/26/2025,4.0,8.0,Donald Faison doesn’t have a line in this that misses.. also the most confusing case of incest or not in cinema,Yes
Coco,2017,04/27/2021,4.0,8.0,,Yes
Collateral,2004,02/28/2025,4.0,8.0,Audioslave jumpscare… twice???,Yes
Come and See,1985,05/08/2025,3.0,6.0,"They must’ve hired an 80 year old to play him at the end, that cannot be the same guy",
Companion,2025,01/15/2026,3.5,7.0,"Goddamn that “go to sleep” reveal would’ve been so sick if I didn’t know going in. So fun though, even if it’s giving all Kat’s a bad name",Yes
Conan the Barbarian,1982,03/05/2025,3.0,6.0,The Northman if it had more camel being punched,
Conclave,2024,02/24/2025,4.0,8.0,Kinda hope every pope picking is this petty,Yes
Cooties,2014,,,,,
Coraline,2009,,,,,
Cowboys & Aliens,2011,,,,,
"Crazy, Stupid, Love.",2011,09/28/2023,4.0,8.0,,Yes
Creed,2015,,,,,
Curious George,2006,,,,,
Daddy Day Care,2003,,,,,
Daisies,1966,01/09/2026,0.5,1.0,There’s nothing here *cue John travolta looking around in pulp fiction,
Daredevil,2003,,,,,
Date Movie,2006,03/02/2025,1.0,2.0,An hour and a half ytp,Yes
Dawn of the Planet of the Apes,2014,,,,,
Day Shift,2022,11/01/2023,0.5,1.0,,
Dazed and Confused,1993,01/16/2026,3.5,7.0,"Didn’t hit as hard as Everybody Wants Some, maybe cause this wasn’t high school for me at all. 
But I do love seeing douche Ben Affleck, it just comes so natural to him for some reason",Yes
Dead Poets Society,1989,04/27/2021,3.0,6.0,,
Deadly Weapons,1974,,,,,
Deadpool,2016,04/27/2021,3.5,7.0,,
Deadpool & Wolverine,2024,08/20/2024,3.5,7.0,,
Deadpool 2,2018,04/27/2021,3.0,6.0,,
Death Race 2000,1975,,,,,
Death of a Unicorn,2025,10/16/2025,1.5,3.0,"Paul Rudd’s character is the worst “flawed” dad in a movie since Chicken Little. However, somehow the biggest sin is how you get NoHo Hank in your movie and waste him",
Deepwater Horizon,2016,,,,,
Despicable Me,2010,,,,,
Despicable Me 2,2013,,,,,
Devil,2010,,,,,
Die Hard,1988,,,,,
Dinosaur,2000,,,,,
Django Unchained,2012,04/27/2021,3.5,7.0,,
Do the Right Thing,1989,,,,,
Doctor Strange,2016,04/27/2021,3.5,7.0,,
Doctor Strange in the Multiverse of Madness,2022,06/20/2023,3.0,6.0,,
DodgeBall: A True Underdog Story,2004,08/22/2025,3.5,7.0,Any movie that Ben Stiller is playing the straight man is an injustice,Yes
Dog Day Afternoon,1975,07/22/2025,3.5,7.0,"Mannnn this Al Pacino guy is good, hope to see him in more stuff",
Dolemite Is My Name,2019,,,,,
Don't Look Up,2021,06/20/2023,3.0,6.0,,
Don't Look in the Basement,1973,10/29/2025,1.0,2.0,Eyes were feeling real heavy after only 15 minutes. Also this movie hates people with disabilities so that sucks,
Don't Worry Darling,2022,12/01/2025,3.0,6.0,He CHOSE to be British?? Honestly that alone is the scariest thing in the entire movie,
Dr. Strangelove or: How I Learned to Stop Worrying and Love the Bomb,1964,07/20/2025,3.0,6.0,All cause a general had weird sex,
Dracula vs. Frankenstein,1971,06/20/2023,0.5,1.0,,
Drive,2011,06/20/2023,3.5,7.0,,
Drive-Away Dolls,2024,02/27/2024,3.0,6.0,They should make a Sukie and Curlie spin-off buddy cop movie.,
Duck Soup,1933,10/06/2025,3.0,6.0,The “Dugan only watches ancient movies” propaganda gonna love this one,
Dumb and Dumber,1994,,,,,
Dumb and Dumber To,2014,,,,,
Dumbo,1941,,,,,
Dune,2021,06/20/2023,2.0,4.0,,
Dune: Part Two,2024,03/04/2024,4.5,9.0,,Yes
Dungeons & Dragons: Honor Among Thieves,2023,01/01/2024,4.0,8.0,,Yes
Dunkirk,2017,04/27/2021,3.0,6.0,,
E.T. the Extra-Terrestrial,1982,,,,,
Easy A,2010,,,,,
Edge of Tomorrow,2014,,,,,
Edward Scissorhands,1990,11/18/2025,3.0,6.0,"Everyone look up Anthony Michael Hall on IMDB right now, proof of perfect casting right there. Something mischievous in those eyes",
Election,1999,,,,,
Elemental,2023,07/02/2025,2.5,5.0,,
Elf,2003,,,,,
Elio,2025,01/25/2026,3.0,6.0,"A pretty dull watch apart from Glordon and Elio’s friendship, reminded me of the best parts of Luca",
Ella Enchanted,2004,,,,,
Elvis,2022,,,,,
Emilia Pérez,2024,01/31/2025,2.5,5.0,Would go up an entire star if someone edited out every music number,
Encanto,2021,06/20/2023,3.0,6.0,,
Ender's Game,2013,,,,,
Epic,2013,,,,,
Eternal Sunshine of the Spotless Mind,2004,04/27/2021,3.0,6.0,,
Eurovision Song Contest: The Story of Fire Saga,2020,07/27/2023,1.0,2.0,,
Evan Almighty,2007,,,,,
Everybody Wants Some!!,2016,12/29/2025,4.0,8.0,"Simply a good time, can’t wait to watch again sometime in May. Could be a little funnier or more time with Jake and Beverly, but worth a watch",Yes
Everything Everywhere All at Once,2022,,,,,
F1,2025,07/02/2025,4.5,9.0,Kosinski could make a Zamboni race look cool as shit,Yes
Face/Off,1997,08/01/2025,4.0,8.0,"An absolute tragedy the casting Oscar wasn’t a thing in 1997, it peaked",Yes
Fantastic Four,2015,,,,,
Fantastic Four,2005,,,,,
Fantastic Four: Rise of the Silver Surfer,2007,,,,,
Fantastic Mr. Fox,2009,04/27/2021,3.5,7.0,,
Fargo,1996,,,,,
Fast & Furious Presents: Hobbs & Shaw,2019,,,,,
Fast Five,2011,,,,,
Fast Times at Ridgemont High,1982,06/20/2023,3.0,6.0,,
Fences,2016,,,,,
Fight Club,1999,04/27/2021,3.0,6.0,,
Finding Dory,2016,,,,,
Finding Nemo,2003,,,,,
Five Corners,1987,08/03/2025,1.0,2.0,"Absolute shit-show of storytelling, characters have a combined 10 IQ",
Five Nights at Freddy's,2023,11/01/2023,1.5,3.0,,
Flesh Gordon,1974,,,,,
Flora and Son,2023,07/23/2025,3.0,6.0,Very charming but surprisingly just meh music compared to Carney’s other movies,
Flow,2024,04/12/2025,3.0,6.0,"The calmest movie I’ve ever seen, also would kill anyone that looks funny at capybara",
Forbidden World,1982,,,,,
Forrest Gump,1994,04/27/2021,4.5,9.0,,Yes
Four Christmases,2008,12/15/2025,3.0,6.0,I strive to be as good at taboo as Jon Favreau,
Fractured,2019,,,,,
Frankenstein,2025,01/06/2026,3.0,6.0,"Maybe 3.5? Idk yet. Very good performances, but it just didn’t connect with me. Also the rumors of it sweeping the technical Oscar’s is insane to me",
Frankenweenie,2012,,,,,
Frankie Freako,2024,07/15/2025,0.5,1.0,My dad is banned from picking movies for awhile,
Freaks,1932,,,,,
Freaky Friday,2003,,,,,
Freaky Tales,2024,01/22/2026,3.0,6.0,Tom Hanks cameo is so peak🥹,
Free Guy,2021,05/16/2024,3.0,6.0,,
Friends: The Reunion,2021,,,,,
Fritz the Cat,1972,04/10/2025,3.5,7.0,"Can’t believe this had something interesting to say about radical ideology, too bad it’s padded out with long sex scenes inbetween",Yes
Frogs,1972,,,,,
From Dusk Till Dawn,1996,08/23/2025,1.5,3.0,You’re telling me nobody else could’ve played that part?? Tarantino a freak,
From Up on Poppy Hill,2011,08/13/2025,4.0,8.0,The kind of gorgeous animation that makes me avoid live action for a week,Yes
Frozen,2013,,,,,
Frozen II,2019,,,,,
Full Metal Jacket,1987,08/20/2024,3.5,7.0,"First half, 9 or 9.5 out of 10.. too bad that second half is like a 5 and makes it feel like a 3 hour movie.",
Funny Pages,2022,,,,,
Furiosa: A Mad Max Saga,2024,06/01/2024,3.5,7.0,,
G-Force,2009,,,,,
G.I. Joe: The Rise of Cobra,2009,,,,,
Game Night,2018,,,,,
"Game Over, Man!",2018,,,,,
Gerald's Game,2017,,,,,
Get Hard,2015,,,,,
Get Out,2017,04/27/2021,4.5,9.0,,Yes
Ghostbusters,1984,,,,,
Gladiator,2000,,,,,
Glass,2019,,,,,
Glass Onion,2022,,,,,
Gnomeo & Juliet,2011,,,,,
Go,1999,06/30/2025,3.0,6.0,If Gregg Araki made Pulp Fiction,Yes
God Help the Girl,2014,09/25/2025,2.5,5.0,"I cannot stand James, a twink that can’t sing or act, thank god he gets nothing. Give these songs a better set of characters please",
Godzilla vs. Kong,2021,06/20/2023,3.5,7.0,,Yes
Gone Girl,2014,04/27/2021,3.5,7.0,,
"Good Morning, Vietnam",1987,,,,,
Good Will Hunting,1997,04/27/2021,5.0,10.0,,Yes
GoodFellas,1990,04/27/2021,4.5,9.0,,Yes
Grandma Got Run Over by a Reindeer,2000,,,,,
Grave of the Fireflies,1988,,,,,
Gravity,2013,,,,,
Grease,1978,,,,,
Greedy People,2024,03/12/2025,3.5,7.0,"Joseph Gordon Levitt should play more villains?? 
Also this drops all the comedy second half like it’s Mulan coming across the burned village",Yes
Green Lantern,2011,,,,,
Green Room,2015,,,,,
Gremlins,1984,12/08/2025,3.5,7.0,I’d give up bacon and games for Gizmo,
Grown Ups,2010,,,,,
Grown Ups 2,2013,,,,,
Guardians of the Galaxy,2014,04/27/2021,4.0,8.0,,Yes
Guardians of the Galaxy Vol. 2,2017,04/27/2021,3.5,7.0,,
Guardians of the Galaxy Vol. 3,2023,06/20/2023,4.0,8.0,,Yes
Guillermo del Toro's Pinocchio,2022,06/12/2023,2.0,4.0,,
Guns Akimbo,2019,07/27/2023,1.5,3.0,,
"Hail, Caesar!",2016,,,,,
Halloween,1978,10/28/2025,3.5,7.0,"Music is banging, caught myself head bobbing during multiple kill scenes. Also that shot where he comes out of the door shadow, chef kiss",
Halloweentown,1998,10/30/2025,2.5,5.0,"There was not a single monster looking excited to join the mayor’s evil plan, how’d this guy get elected?",
Hamnet,2025,01/29/2026,3.0,6.0,Some beautiful moments but it didn’t hit me like I thought it was going to. Jessie Buckley does deserve to be sweeping though,
Hanna,2011,,,,,
Happy Feet,2006,,,,,
Happy Feet Two,2011,,,,,
Happy Gilmore,1996,,,,,
Happy Gilmore 2,2025,07/29/2025,2.5,5.0,John Daly saving a nostalgia bait cameo fest,
Harry Potter 20th Anniversary: Return to Hogwarts,2022,,,,,
Harry Potter and the Chamber of Secrets,2002,,,,,
Harry Potter and the Deathly Hallows: Part 1,2010,,,,,
Harry Potter and the Deathly Hallows: Part 2,2011,,,,,
Harry Potter and the Goblet of Fire,2005,01/26/2026,4.0,8.0,Technically HP 1-4 was on today in the background but watched this one all the way through. Would recommend if there’s another blizzard,Yes
Harry Potter and the Half-Blood Prince,2009,,,,,
Harry Potter and the Order of the Phoenix,2007,,,,,
Harry Potter and the Philosopher's Stone,2001,,,,,
Harry Potter and the Prisoner of Azkaban,2004,,,,,
Hawkeye,2021,,,,,
Heat,1995,08/27/2025,4.5,9.0,"#1000

This milestone had to be celebrated with one I’ve been putting off for years. Pairing Pacino and De Niro with this story is enough for a great movie, but the script and characters make this stand with some of the other 2.5+ hour epics. 

How can you not love da movies",Yes
Heathers,1989,07/27/2023,1.0,2.0,,
Hell or High Water,2016,06/20/2023,3.5,7.0,,Yes
Herbie Fully Loaded,2005,,,,,
Hercules,1997,,,,,
Hereditary,2018,05/16/2024,4.0,8.0,,Yes
High Fidelity,2000,06/20/2023,2.5,5.0,,
History of the World: Part I,1981,06/20/2023,2.0,4.0,,
Hit Man,2023,08/20/2024,4.0,8.0,It might being super predictable but the dialog is fantastic so. If I can’t have both I’ll definitely choose this alternative.,Yes
Hobo with a Shotgun,2011,,,,,
Hocus Pocus,1993,10/30/2025,4.0,8.0,"I am so sorry Bette Midler, I was not familiar with your game",Yes
Home,2015,,,,,
Home Alone,1990,04/27/2021,3.5,7.0,,
Home Alone 2: Lost in New York,1992,,,,,
Home on the Range,2004,,,,,
Honey Boy,2019,01/19/2025,4.0,8.0,,Yes
Hoodwinked!,2005,09/07/2025,2.5,5.0,Granny would beat up Lorax grandmom so badly,
Hook,1991,,,,,
Hoosiers,1986,,,,,
Hoot,2006,,,,,
Horton Hears a Who!,2008,,,,,
Hot Rod,2007,,,,,
Hot Tub Time Machine,2010,01/31/2024,3.5,7.0,,
Hotel Transylvania,2012,,,,,
Hotel Transylvania 2,2015,11/01/2023,2.5,5.0,,
How the Grinch Stole Christmas,2000,12/22/2025,4.0,8.0,"I can’t think of a movie that has been carried harder by a performance, Jim Carrey is 1 of 1",Yes
How to Train Your Dragon,2025,07/05/2025,3.0,6.0,"This is 30 minutes longer than the original?? Where though, da credits?",
How to Train Your Dragon,2010,07/05/2025,3.0,6.0,"This is 30 minutes longer than the original?? Where though, da credits?",
How to Train Your Dragon 2,2014,,,,,
Howl's Moving Castle,2004,03/20/2024,3.5,7.0,Justice for Scarecrow,
Hugo,2011,,,,,
Hundreds of Beavers,2022,02/22/2025,4.0,8.0,Charlie Chaplin wishes he could’ve made this,Yes
Hunt for the Wilderpeople,2016,07/27/2023,3.5,7.0,,Yes
Hustle,2022,06/20/2023,4.0,8.0,,Yes
I Am Legend,2007,,,,,
I Care a Lot,2020,,,,,
I Don't Feel at Home in This World Anymore,2017,,,,,
I Lost My Body,2019,,,,,
I Married a Witch,1942,08/12/2025,2.5,5.0,,
I Now Pronounce You Chuck & Larry,2007,,,,,
I'm Still Here,2024,02/25/2025,4.0,8.0,But.. but they’re so happy in the beginning,Yes
Ice Age,2002,,,,,
Ice Age: Continental Drift,2012,,,,,
Ice Age: Dawn of the Dinosaurs,2009,,,,,
Ice Age: The Meltdown,2006,,,,,
Ichi the Killer,2001,04/06/2025,1.5,3.0,I’m convinced they designed characters’ costumes first and then made the story somehow fit.,
Idiocracy,2006,,,,,
If I Had Legs I'd Kick You,2025,01/23/2026,4.0,8.0,"Can’t wait to watch Hamnet cause Rose is supposed to lose to Jessie Buckley?👀 What a bad movie for my blood pressure, can’t wait to never watch again",Yes
Ilsa: Harem Keeper of the Oil Sheiks,1976,,,,,Yes
Imagine That,2009,,,,,
In Bruges,2008,06/20/2023,2.5,5.0,,
In Time,2011,07/11/2025,2.5,5.0,The 1v1 “fight” scene with the minutemen is so dumb and funny,
Inception,2010,,,,,
Incredibles 2,2018,04/27/2021,2.5,5.0,,
Independence Day,1996,,,,,
Independence Day: Resurgence,2016,,,,,
Indiana Jones and the Dial of Destiny,2023,07/15/2023,3.0,6.0,,
Inglourious Basterds,2009,04/27/2021,5.0,10.0,,Yes
Inside Moves,1980,05/27/2025,2.5,5.0,Why everybody touching each other in this? You can say a line without grabbing their shoulder,
Inside Out,2015,04/27/2021,4.0,8.0,,Yes
Inside Out 2,2024,06/16/2024,4.5,9.0,,Yes
Interstella 5555: The 5tory of the 5ecret 5tar 5ystem,2003,04/08/2025,4.0,8.0,"Oh no, not a volcano!! *funky beat drop*",Yes
Interstellar,2014,05/23/2024,4.5,9.0,Oh no I’m basic,Yes
Into the Wild,2007,07/27/2023,4.0,8.0,,Yes
Into the Woods,2014,,,,,
Iron Man,2008,04/27/2021,4.0,8.0,,Yes
Iron Man 2,2010,,,,,
Iron Man 3,2013,,,,,
Irresistible,2020,07/27/2023,3.0,6.0,,
Isle of Dogs,2018,11/04/2025,4.5,9.0,The first pro-gossip movie ever made?,Yes
It's Alive,1974,08/07/2025,1.5,3.0,There’s gotta be a good 70s horror I’ve never heard of right?,
It's Such a Beautiful Day,2012,06/20/2023,4.0,8.0,,Yes
It's What's Inside,2024,10/21/2025,3.5,7.0,Convinced this would be fun if it wasn’t with these psychopaths,
It's a Wonderful Life,1946,,,,,
Jack Frost,1979,,,,,
Jack and Jill,2011,,,,,
Jackie Brown,1997,06/20/2023,3.0,6.0,,
Jay Kelly,2025,01/13/2026,4.0,8.0,"Surprise of 2025 for me, was not expecting to love this going in, but was very surprised how invested I was in these characters. Especially Sandler, written so well and performed Oscar nominations worthy👀",Yes
Jimmy Neutron: Boy Genius,2001,,,,,
Jingle All the Way,1996,12/17/2024,4.0,8.0,,Yes
John Carter,2012,,,,,
Jojo Rabbit,2019,04/27/2021,5.0,10.0,"Perfect, no notes. Like a devastating, warm hug",Yes
Joker,2019,04/27/2021,3.5,7.0,,
Jumanji: Welcome to the Jungle,2017,,,,,
Jumper,2008,,,,,
Jungle Cruise,2021,,,,,
Juno,2007,,,,,
Jurassic Park,1993,,,,,
Jurassic World,2015,,,,,
Jurassic World: Fallen Kingdom,2018,,,,,
Just Friends,2005,12/17/2024,3.0,6.0,,
Justice League: Doom,2012,,,,,
KPop Demon Hunters,2025,01/28/2026,3.5,7.0,Imagine going to see your favorite band and they get murdered on stage,Yes
Kicking & Screaming,2005,,,,,
Kiki's Delivery Service,1989,08/20/2024,4.0,8.0,How is every single character likable and charming.. classic Ghibli,Yes
Kill Bill: Vol. 1,2003,,,,,
Kill Bill: Vol. 2,2004,10/04/2024,2.0,4.0,Tarantino studied yapology for this one,
Killer Klowns from Outer Space,1988,,,,,
Killer's Kiss,1955,11/26/2025,1.5,3.0,"The Killing is a significant ramping up for Kubrick in everything after this, pace, story, characters. Surprisingly nice cinematography though",
Killers of the Flower Moon,2023,01/15/2024,3.5,7.0,,
Kimi,2022,,,,,
King Kong,2005,,,,,
King Richard,2021,11/30/2021,4.5,9.0,,Yes
King of New York,1990,11/05/2025,2.5,5.0,"Really wished I liked this more, could’ve used another 15 minutes (or be directed my Michael Mann👀). Laurence Fishburne absolutely steals the show though, what a fun performance",
Kingdom of the Planet of the Apes,2024,05/16/2024,3.5,7.0,,
Kingpin,1996,,,,,
Kingsman: The Secret Service,2014,04/27/2021,4.0,8.0,,Yes
Klaus,2019,06/20/2023,5.0,10.0,,Yes
Klute,1971,10/03/2025,2.0,4.0,"This was nominated for best screenplay? Romance is forced, mystery is never satisfying, and it’s filmed like a horror movie for some reason.",
Knives Out,2019,04/27/2021,3.0,6.0,,
Knocked Up,2007,,,,,
Kong: Skull Island,2017,,,,,
Krampus,2015,12/02/2025,1.5,3.0,More like Crap-Piss,
Kubo and the Two Strings,2016,,,,,
Kung Fu Panda,2008,11/01/2023,4.0,8.0,,Yes
Kung Fu Panda 2,2011,11/24/2023,4.0,8.0,,Yes
Kung Fu Panda 3,2016,,,,,
L.A. Confidential,1997,,,,,
La La Land,2016,01/31/2024,4.0,8.0,,Yes
Labyrinth,1986,11/24/2025,2.0,4.0,"Made David Bowie into a creep going after a 15 year old. Bad movie, don’t do that. Also Gonzo clears every character in this easily, and he’s like maybe top 5 muppet",
Lady Bird,2017,11/30/2021,3.5,7.0,,
Lady and the Tramp,1955,,,,,
Lars and the Real Girl,2007,,,,,
Laserblast,1978,02/07/2025,1.0,2.0,Michael Bay’s wet dream,
Last Night in Soho,2021,06/12/2023,2.5,5.0,,
Legally Blonde,2001,07/27/2023,1.5,3.0,,
Legend,1985,08/11/2025,1.5,3.0,"Worst Tom Cruise performance, awful characters, bad action, but Tim Curry has never looked or sounded cooler. He never fails to be the best part of a movie",
Legend of the Guardians: The Owls of Ga'Hoole,2010,,,,,
Lemony Snicket's A Series of Unfortunate Events,2004,,,,,
Les Misérables,2012,,,,,
Let It Snow,2019,,,,,
Liar Liar,1997,,,,,
Licorice Pizza,2021,06/20/2023,3.5,7.0,,
Life of Pi,2012,,,,,
Lightyear,2022,07/03/2025,2.5,5.0,"Quality nose dives once the ragtag crew shows up, Sox is more than enough",
Lilo & Stitch,2002,,,,,
Lilo & Stitch 2: Stitch Has a Glitch,2005,,,,,
Lion,2016,,,,,
Little Miss Sunshine,2006,01/22/2025,4.0,8.0,Same casting director as Breaking Bad?,Yes
"Lock, Stock and Two Smoking Barrels",1998,,,,,
Logan,2017,04/27/2021,5.0,10.0,,Yes
Loki,2021,11/30/2021,3.0,6.0,,
Look Back,2024,04/09/2025,4.5,9.0,All that in 59 minutes?? Based off runtime it’s the best black mirror episode there is,Yes
Looper,2012,03/16/2024,4.0,8.0,Christopher Nolan if he didn’t make me rethink everything after watching.,Yes
Lord of War,2005,02/28/2025,2.0,4.0,No one can convince me Nick Cage is getting with someone in every country,
Lost in Translation,2003,08/29/2025,4.0,8.0,"Should’ve known this was gonna be fantastic, it’s Cha Cha Real Smooth but somehow more problematic",Yes
Love & Mercy,2014,01/19/2025,3.0,6.0,Paul Giamatti super villain reminded me of Gary Oldman in Leon,
Love Actually,2003,,,,,
"Love, Simon",2018,06/20/2023,4.0,8.0,,Yes
Luca,2021,08/04/2021,3.5,7.0,,
Lucy,2014,,,,,
Léon: The Professional,1994,05/16/2024,3.5,7.0,Gary Oldman is evil Jim Carey in this,Yes
Mad God,2021,06/06/2025,4.5,9.0,"Craziest shit I’ve ever seen and nothing comes close. Never runs out of ideas, no matter how weird or messed up they are",Yes
Mad Max,1979,,,,,
Mad Max 2,1981,,,,,
Mad Max: Fury Road,2015,04/27/2021,4.0,8.0,,Yes
Madagascar,2005,,,,,
Madagascar 3: Europe's Most Wanted,2012,,,,,
Madagascar: Escape 2 Africa,2008,,,,,
Maestro,2023,05/16/2024,2.5,5.0,,
Maleficent,2014,,,,,
Man of Steel,2013,,,,,
Man on Fire,2004,,,,,
Man on a Ledge,2012,,,,,
Manhunter,1986,10/19/2025,4.0,8.0,Perfect first half. Was convinced this was gonna be perfect going into the 3rd act but it couldn’t deliver. Another reason to love Brian Cox though,Yes
Manos: The Hands of Fate,1966,08/27/2024,0.5,1.0,What a terrible movie… can’t wait to make it a drinking game,
Marriage Story,2019,04/27/2021,4.0,8.0,,Yes
Mars Attacks!,1996,,,,,
Mars Needs Moms,2011,,,,,
Marty Supreme,2025,12/27/2025,3.5,7.0,"Sweating for 2 and a half hours watching this, was as tired as a 5k",Yes
Mary and Max,2009,08/07/2025,4.0,8.0,Ain’t no way they got me tearing up over claymation☹️,Yes
Me Time,2022,06/20/2023,2.0,4.0,,
Mean Girls,2004,,,,,
Meet the Parents,2000,,,,,
Meet the Robinsons,2007,,,,,
Megamind,2010,05/17/2025,3.5,7.0,,Yes
Memento,2000,02/21/2025,4.5,9.0,Goddamnit Nolan.. I knew the twist before and he still blew my mind with who he actually is,Yes
Men in Black,1997,,,,,
Men in Black 3,2012,,,,,
Men in Black II,2002,,,,,
Mickey 17,2025,03/09/2025,2.5,5.0,I’m gonna see Ruffulo’s teeth in my dreams for awhile,
"Mickey, Donald, Goofy: The Three Musketeers",2004,09/15/2025,3.0,6.0,,
Midnight Run,1988,,,,,
Midsommar,2019,10/17/2025,3.5,7.0,"Looks fantastic. Should be more bright horror movies, but can definitely see them falling flat easily.",
Minions,2015,,,,,
Miracle on 34th Street,1994,12/24/2025,3.0,6.0,Christmas movies made in the 90s have no need going so hard with the fits,
Miss Peregrine's Home for Peculiar Children,2016,,,,,
Mission: Impossible,1996,,,,,
Mission: Impossible II,2000,,,,,
Mission: Impossible III,2006,,,,,
Mission: Impossible – Fallout,2018,,,,,
Mission: Impossible – Rogue Nation,2015,,,,,
Moana,2016,,,,,
Modern Times,1936,,,,,
Moneyball,2011,,,,,
Monkeybone,2001,,,,,
Monster House,2006,,,,,
Monsters University,2013,,,,,
Monsters vs Aliens,2009,,,,,
"Monsters, Inc.",2001,06/12/2023,3.5,7.0,,Yes
Monty Python and the Holy Grail,1975,,,,,
Monty Python's The Meaning of Life,1983,05/14/2025,2.5,5.0,,
Moon,2009,,,,,
Moonlight,2016,01/12/2026,3.5,7.0,"So well made, everything about this on the technical side is one of a kind and gorgeous to watch unfold. I just wish I knew what any of these characters wanted, if that makes sense at all",
Moonrise Kingdom,2012,11/30/2021,3.0,6.0,,
Mr. Popper's Penguins,2011,,,,,
Mr. Right,2015,06/20/2023,3.5,7.0,,
Mulan,1998,,,,,
Murder Mystery,2019,05/16/2024,1.5,3.0,,
My Big Fat Greek Wedding,2002,07/16/2025,3.0,6.0,Aunt Voula top 10 character ever written,Yes
My Neighbor Totoro,1988,05/16/2025,5.0,10.0,I would’ve never thought I would watch a Miyazaki that would rival Porco Rosso,Yes
My Neighbors the Yamadas,1999,09/23/2025,2.0,4.0,"Maybe just aged poorly? Feels like a compilation of a cool Instagram account, not a full movie",
"Mystery, Alaska",1999,07/16/2025,2.5,5.0,Man I wish Alaska was real,
Nacho Libre,2006,,,,,
National Lampoon's Christmas Vacation,1989,,,,,
National Treasure,2004,,,,,
Nazis at the Center of the Earth,2012,08/27/2024,1.0,2.0,PlayStation 2 Hagrid looked better than most CGI in this.,
Network,1976,09/12/2025,4.5,9.0,"Please find a way to watch this. This script is perfect, every character so convincing in what they believe in no matter how vile it is. More applicable today than ever, just seeing the story of why a group of people feel justified to put their company over peoples’ lives.",Yes
Nickel Boys,2024,03/11/2025,3.5,7.0,Not the best of the best picture noms but definitely the most interesting,Yes
Night at the Museum,2006,,,,,
Night at the Museum: Battle of the Smithsonian,2009,,,,,
Night at the Museum: Secret of the Tomb,2014,,,,,
No Sudden Move,2021,06/20/2023,2.0,4.0,,
No Time to Die,2021,06/20/2023,3.0,6.0,,
Noelle,2019,,,,,
Nosferatu,2024,01/04/2025,3.5,7.0,Freakeratu,
Not Another Teen Movie,2001,,,,,
Now You See Me,2013,,,,,
Number 24,2024,01/22/2025,4.0,8.0,Norwegian Adrian Brody does not mess around,Yes
Nurse Sherri,1977,04/24/2025,1.0,2.0,"Plot: 
terrible movie…. Good chase scene ……2nd half of terrible movie",
Ocean's Eleven,2001,03/27/2024,4.5,9.0,Lyman Zerga is the greatest fake name in cinematic history,Yes
Office Space,1999,06/26/2025,3.5,7.0,Little known fact that Milton becomes the Raven from Barry,Yes
Old,2021,08/04/2021,2.0,4.0,,
Oldboy,2003,02/16/2025,4.0,8.0,Thank you for giving us daredevil hallway scene,Yes
Oliver & Company,1988,,,,,
On the Waterfront,1954,07/27/2023,3.0,6.0,,
Once Upon a Time... in Hollywood,2019,06/29/2025,2.5,5.0,Anora: the even worse ending,
One Battle After Another,2025,10/02/2025,4.5,9.0,"“Semen Demon” wins joke of the year, Sean Penn wins best weirdo of the year (sorry Aunt Gladys)",Yes
One Flew Over the Cuckoo's Nest,1975,,,,,
One Hundred and One Dalmatians,1961,,,,,
Onward,2020,,,,,
Oppenheimer,2023,07/27/2023,5.0,10.0,,Yes
Ordinary People,1980,06/09/2025,4.0,8.0,"Nothing but powerhouse performances, a bit melodramatic.",Yes
Over the Garden Wall,2014,10/14/2025,4.0,8.0,"I need more of the pumpkin cult, just a chill town looking to have a good time. Also all my homies hate those girls for hating on Greg’s elephant costume",Yes
Over the Hedge,2006,,,,,
Paddington,2014,02/05/2024,3.5,7.0,,
Palm Springs,2020,04/27/2021,3.0,6.0,,
Paper Moon,1973,09/02/2025,3.5,7.0,"Still thinking about Ms Delight trying to get up the hill. First half is fantastic, what a duo",Yes
ParaNorman,2012,,,,,
Parasite,2019,06/12/2023,3.0,6.0,,
Paths of Glory,1957,06/12/2025,4.0,8.0,"Good to know people in power sucked just as much back then, all in different, terrible ways too",Yes
Paul Blart: Mall Cop,2009,,,,,
Penguins of Madagascar,2014,,,,,
Percy Jackson & the Olympians: The Lightning Thief,2010,,,,,
Pete's Dragon,2016,,,,,
Peter Pan,1953,,,,,
Phantasm,1979,09/11/2025,2.0,4.0,Shoutout the maid for showing up for 3 seconds and not noticing anything weird for 90 minutes,
Phineas and Ferb The Movie: Across the 2nd Dimension,2011,,,,,
Pig,2021,06/20/2023,3.5,7.0,,
Pineapple Express,2008,,,,,
Pinocchio,1940,,,,,
Pinocchio's Christmas,1980,,,,,
Pirates of the Caribbean: The Curse of the Black Pearl,2003,,,,,
Pixels,2015,,,,,
Planet 51,2009,,,,,
Planet of the Apes,1968,,,,,
Playground,2021,,,,,
Pleasantville,1998,,,,,
Plus One,2019,,,,,
Pocahontas,1995,,,,,
Pokémon Detective Pikachu,2019,06/20/2023,2.5,5.0,,
Pokémon: The First Movie,1998,,,,,
Poltergeist,1982,,,,,
Pom Poko,1994,01/06/2026,3.0,6.0,"The densest movie I’ve seen in awhile. So much happens, it’s all over the place, but very creative. Not the funniest ghibli even though it’s a comedy? Also has a near 10/10 scene at the end that I was not ready for. Ghibli has melted my brain again",
Ponyo,2008,08/19/2025,3.0,6.0,80% of the conflict is cause Liam Neeson fish dad has no chill,
Poor Things,2023,05/15/2025,3.5,7.0,Don’t ask me why but this has similarities to Fritz the Cat,Yes
Popstar: Never Stop Never Stopping,2016,11/13/2025,3.0,6.0,When is Tim Meadows gonna complete his trilogy of music mockumenteries with Walk Hard and Popstar? The people need it,
Porco Rosso,1992,12/17/2024,4.5,9.0,Please don’t make me pick between this and Last Duel for best 1v1 fight,Yes
Possessor,2020,06/20/2023,1.0,2.0,,
Power Rangers,2017,,,,,
Premium Rush,2012,,,,,
Pretty Woman,1990,,,,,
Prey,2022,,,,,
Princess Mononoke,1997,04/27/2021,2.0,4.0,,
Project Power,2020,06/20/2023,2.0,4.0,,
Prom Night,1980,06/06/2025,2.5,5.0,I guess they cut all the scenes where Leslie Nielsen makes 50 puns?,
Psycho,1960,,,,,
Pulp Fiction,1994,04/27/2021,4.5,9.0,,Yes
Punch-Drunk Love,2002,08/22/2025,4.0,8.0,"Basically the US version of Submarine (2010). Also it’s amazing, can’t believe I wasn’t excited to watch it",Yes
Puss in Boots,2011,,,,,
Puss in Boots: The Last Wish,2022,06/12/2023,4.0,8.0,,Yes
R.I.P.D.,2013,,,,,
Raging Bull,1980,06/02/2025,4.0,8.0,Jail scene is so good you almost feel bad,Yes
Rain Man,1988,06/20/2023,4.0,8.0,,Yes
Ralph Breaks the Internet,2018,,,,,
Ran,1985,05/18/2025,3.5,7.0,"I got giddy every time Lady Kaede was on screen, she insane",
Rango,2011,01/31/2024,4.5,9.0,,Yes
Ratatouille,2007,04/27/2021,3.0,6.0,,
Raya and the Last Dragon,2021,06/20/2023,3.0,6.0,,
Real Steel,2011,,,,,
Rear Window,1954,01/09/2026,4.0,8.0,"Grown-ass 250 lb man 0
Camera flash 1 

Also is this pro-creep on your neighbors?🧐",Yes
Rebel Ridge,2024,09/09/2024,4.5,9.0,He somehow never killed.. except that one dudes arm,Yes
Red One,2024,11/19/2024,2.0,4.0,Best thing that would come out of this would be a Krampus spin-off movies,
Red Rocket,2021,06/20/2023,2.0,4.0,,
Remember the Titans,2000,,,,,
Reservoir Dogs,1992,06/18/2023,3.0,6.0,,
Return of the Jedi,1983,,,,,
Ride the Eagle,2021,06/20/2023,1.5,3.0,,
Riders of Justice,2020,06/20/2023,4.5,9.0,,Yes
Rio,2011,,,,,
Rio 2,2014,,,,,
Rise of the Guardians,2012,,,,,
Rise of the Planet of the Apes,2011,,,,,
Robin Hood,1973,,,,,
Robin Hood: Men in Tights,1993,,,,,
Robots,2005,,,,,
Rocketman,2019,,,,,
Rogue One: A Star Wars Story,2016,04/27/2021,3.5,7.0,,
Role Models,2008,,,,,
Room,2015,10/17/2024,4.0,8.0,Wooooh they escaped!! Wait why is this still depressing?,Yes
Rosemary's Baby,1968,10/31/2025,4.5,9.0,"1. Rosemary’s only mistake was not instantly leaving when Guy said he enjoyed role playing necrophilia🚩😟
2. I think I enjoy Get Out so much cause I get to see everyone I hate in the movie get brutally beaten to death, tragic it didn’t happen here",Yes
Rubber,2010,,,,,
Rudolph the Red-Nosed Reindeer,1964,,,,,
Rudolph's Shiny New Year,1976,,,,,
Run Lola Run,1998,,,,,
Rushmore,1998,06/20/2023,3.5,7.0,,Yes
SNL50: The Anniversary Special,2025,,,,,
Safe Men,1998,07/24/2025,2.0,4.0,"Ending is baffling, how do you set up Paul giamatti blowing up cause of pants and not do it?",
Safety Not Guaranteed,2012,06/20/2023,2.0,4.0,,
San Andreas,2015,,,,,
Santa Claus Is Comin' to Town,1970,12/14/2025,3.5,7.0,"“Please, call me Winter”

These goddamn Clauses don’t even get his name right after 60 years",Yes
Saturday Night,2024,02/21/2025,3.0,6.0,Willem Defoe is going to get a nom for 3 minutes of screen time one of these years,
Sausage Party,2016,,,,,
Save the Green Planet!,2003,04/11/2025,3.0,6.0,Dog named earth not being an alien dropped this half a star,
Saving Mr. Banks,2013,,,,,
Saving Private Ryan,1998,04/27/2021,4.5,9.0,,Yes
Say Anything...,1989,07/09/2025,3.0,6.0,"First 30 min: wow I haven’t seen a supportive dad in a movie in awhile
Last 30 min: nevermind",
Scanners,1981,06/13/2025,2.5,5.0,"Main actor can’t go through 2 lines sounding believable, guy is awful. Music is banging though",
Scary Godmother: Halloween Spooktakular,2003,10/22/2025,3.5,7.0,"Greatest animated Bowling cutscene ever created. Justice for Skully, made good looking food for greedy-ass Harry to ruin",Yes
Scary Movie,2000,,,,,
Scary Movie 2,2001,,,,,
Scary Movie 3,2003,,,,,
School of Rock,2003,,,,,
Scooby-Doo,2002,,,,,
Scooby-Doo and the Cyber Chase,2001,,,,,
Scooby-Doo! and the Reluctant Werewolf,1988,,,,,
Scott Pilgrim Takes Off,2023,,,,,
Scott Pilgrim vs. the World,2010,01/31/2024,3.5,7.0,,
Scouts Guide to the Zombie Apocalypse,2015,,,,,
Scream,1996,10/12/2025,4.0,8.0,I know this came out in ‘96 but the poster is Lucy Hale from Pretty Little Liars and I will never be able to unsee it. Also Matthew Lillard should have at least 2 Oscars by now,Yes
Scream VI,2023,06/12/2023,1.0,2.0,,
Scrooged,1988,12/13/2025,1.5,3.0,"I didn’t know Christmas Carol could be butchered this badly, who knew cranky old Scrooge was so much more likable",
Se7en,1995,04/25/2025,4.5,9.0,Mannnnn.. I wish I could have seen opening weekend at the theater,Yes
Seabiscuit,2003,,,,,
Sentimental Value,2025,01/23/2026,4.0,8.0,"Maybe a 4.5 stars, idk yet but I wanna watch this again. The scene with the two sisters🥲, might’ve been the only time I’ve teared up from a 2025 movie",Yes
September 5,2024,02/26/2025,2.0,4.0,What’s with the emphasis on ratings during this,
Serpico,1973,10/03/2025,4.0,8.0,"I was excited to see what hat Pacino was gonna pull up in every scene. Can’t believe I waited until this year to watch Lumet’s movies, he’s so goooood",Yes
Set It Up,2018,12/14/2023,3.5,7.0,,Yes
Seven Samurai,1954,05/07/2025,4.5,9.0,Woah.. feel like I just watched a full season of a tv show. This got me unbelievably hype to watch Ran next,Yes
Sexy Beast,2000,08/23/2025,3.5,7.0,This is how it felt as a kid when my parents’ cousins would stop by,Yes
Shane Gillis: Beautiful Dogs,2023,11/23/2023,3.0,6.0,,Yes
Shark Tale,2004,,,,,
Sharktopus,2010,03/03/2025,1.0,2.0,,
Shaun of the Dead,2004,04/27/2021,3.0,6.0,,
She's Out of My League,2010,,,,,
Sherlock Holmes,2009,,,,,
Sherlock Holmes: A Game of Shadows,2011,,,,,
Sherlock Jr.,1924,06/17/2025,3.0,6.0,"Everyone thank this for inspiring peak movie, Hundreds of Beavers",Yes
Shiva Baby,2020,01/08/2026,3.5,7.0,"AAAAAAAAAAAHHHHHHHHHHHHHHHHHH

Scariest horror movie I’ve seen since i don’t know when. Questions about life after college and uncomfortable situations? Giving me PTSD out here",Yes
Shrek,2001,05/16/2024,4.5,9.0,,Yes
Shrek 2,2004,05/16/2024,4.0,8.0,,Yes
Shrek Forever After,2010,05/20/2025,2.5,5.0,Feels like a TV special. Also does my boy Puss so wrong,
Shrek the Third,2007,,,,,
Sing Sing,2023,08/25/2025,3.5,7.0,That lady asking if he was acting the whole time during the interview is the most devastating thing I’ve seen since I’m Still Here,Yes
Sing Street,2016,06/20/2023,4.5,9.0,,Yes
Sinners,2025,01/30/2026,3.5,7.0,Not having the dad come back as Michael B Jordan with white hair is a missed opportunity,
Sinners,2025,01/30/2026,3.5,7.0,"Same issues I had with this before, all the technical elements do not work for the horror sections. However it’s bumped up half a star cause I forgot how good these performances are",
Sisu,2022,06/12/2023,3.5,7.0,,Yes
Sisu: Road to Revenge,2025,12/01/2025,3.5,7.0,"Do not get it twisted, this is a superhero movie",Yes
Sky High,2005,,,,,
Sleeping Beauty,1959,,,,,
Sleeping with Other People,2015,,,,,
Small Things Like These,2024,11/21/2025,2.5,5.0,"Most depressing Christmas movie ever made? Takes slow-burn to a whole new level, but Emily Watson steals the show. Sorry Shane😔",
Smiley Face,2007,06/05/2025,3.5,7.0,"Anna Faris should’ve been nominated and Steve does fuck skulls, can’t change my mind on either",Yes
Smokin' Aces,2006,04/15/2025,2.5,5.0,I diagnose this movie with ADHD,
Snack Shack,2024,01/16/2025,4.5,9.0,Summer coming of age might be the best sub-genre,Yes
Snow White and the Seven Dwarfs,1937,,,,,
Solo: A Star Wars Story,2018,,,,,
Song Sung Blue,2025,01/30/2026,2.5,5.0,"Kate’s nomination will confuse me for the rest of the year🧐 inoffensive, a classic airplane movie (maybe derogatory)",
Sorcerer,1977,11/30/2025,4.0,8.0,Can’t wait to rewatch the rope bridge scene 10 times this week,Yes
Sorry to Bother You,2018,04/27/2021,2.0,4.0,,
Soul,2020,04/27/2021,3.0,6.0,,
Source Code,2011,,,,,
Sovereign,2025,12/29/2025,3.5,7.0,Feel good movie of the year😁👍,Yes
Soylent Green,1973,04/08/2025,1.5,3.0,For 30 minutes the plot is a cop that steals shit,
Space Chimps,2008,,,,,
Space Jam,1996,,,,,
Spaceballs,1987,,,,,
Spider-Man,2002,,,,,
Spider-Man 2,2004,,,,,
Spider-Man 3,2007,,,,,
Spider-Man: Across the Spider-Verse,2023,06/12/2023,5.0,10.0,,Yes
Spider-Man: Far From Home,2019,06/12/2023,2.5,5.0,,
Spider-Man: Homecoming,2017,04/27/2021,4.0,8.0,,Yes
Spider-Man: Into the Spider-Verse,2018,04/27/2021,5.0,10.0,,Yes
Spider-Man: No Way Home,2021,06/12/2023,2.5,5.0,,
Spirited Away,2001,06/12/2023,4.0,8.0,,Yes
Split,2016,05/17/2024,3.5,7.0,He should’ve been nominated.. too bad M. Night writes his dialogue.,Yes
Spy Kids,2001,,,,,
Spy Kids 2: The Island of Lost Dreams,2002,,,,,
Spy Kids 3-D: Game Over,2003,,,,,
Stand by Me,1986,06/20/2023,4.0,8.0,,Yes
Star Trek,2009,,,,,
Star Trek Into Darkness,2013,,,,,
Star Wars,1977,,,,,
Star Wars: Episode I – The Phantom Menace,1999,,,,,
Star Wars: Episode II – Attack of the Clones,2002,,,,,
Star Wars: Episode III – Revenge of the Sith,2005,,,,,
Star Wars: The Force Awakens,2015,04/27/2021,3.0,6.0,,
Star Wars: The Last Jedi,2017,04/27/2021,2.5,5.0,,
Star Wars: The Rise of Skywalker,2019,04/27/2021,2.5,5.0,,
Step Brothers,2008,,,,,
Stitch! The Movie,2003,,,,,
Storks,2016,05/16/2024,3.0,6.0,,Yes
Stuart Little,1999,,,,,
Student Bodies,1981,,,,,
Submarine,2010,,,,,
Suicide Squad,2016,04/27/2021,1.0,2.0,,
Super 8,2011,,,,,
Super Size Me,2004,,,,,
Superbad,2007,04/27/2021,4.5,9.0,,Yes
Superman,2025,07/11/2025,4.0,8.0,Wait Superman is supposed to be portrayed like a human??? Thought Snyder told me he was a heartless god,Yes
Superman/Batman: Public Enemies,2009,06/20/2023,2.0,4.0,,
Surf's Up,2007,,,,,
Tag,2018,,,,,
Taken,2008,,,,,
Tall Girl,2019,,,,,
Tangled,2010,,,,,
Tarzan,1999,,,,,
Ted 2,2015,05/29/2025,1.5,3.0,Shoutout Matt Wible for having the craziest pick I’ve heard for favorite movie,
Teenage Mutant Ninja Turtles,2014,,,,,
Terror Train,1980,06/02/2025,1.5,3.0,This was butt,
Tetris,2023,05/22/2025,4.0,8.0,"Behind white boy coming of age movies, product success story movies are my biggest guilty pleasures",Yes
The 40 Year Old Virgin,2005,,,,,
The Adventures of Ichabod and Mr. Toad,1949,,,,,
The Adventures of Rocky & Bullwinkle,2000,,,,,
The Adventures of Tintin,2011,,,,,
The Amazing Spider-Man,2012,,,,,
The Amazing Spider-Man 2,2014,,,,,
The Ant Bully,2006,,,,,
The Apartment,1960,12/17/2025,4.0,8.0,"Definitely not a Christmas movie. Haven’t wanted a character to succeed this much since Rosemary’s Baby, and it happens this time!!",Yes
The Aristocats,1970,,,,,
The Avengers,2012,04/27/2021,3.0,6.0,,
The Batman,2022,06/20/2023,4.0,8.0,,Yes
The Beach Boys,2024,01/20/2025,3.5,7.0,"Did really well the show the start of the band up
to Smiley Smile.. why isn’t that part one of a miniseries?",
The Big Lebowski,1998,04/27/2021,2.0,4.0,,
The Big Short,2015,,,,,
The Black Cauldron,1985,,,,,
The Blind Side,2009,,,,,
The Book of Life,2014,,,,,
The Bourne Identity,2002,,,,,
The Bourne Supremacy,2004,,,,,
The Bourne Ultimatum,2007,,,,,
The Breaker Upperers,2018,06/20/2023,1.5,3.0,,
The Breakfast Club,1985,,,,,
The Call,2013,,,,,
The Cat Returns,2002,04/15/2025,3.5,7.0,"Stop fat shaming Muta, gof forbid a man eats all the food in a kingdom",Yes
The Cat in the Hat,2003,,,,,
The Christmas Contract,2018,,,,,
The Christmas Tree,1991,12/14/2025,1.0,2.0,"“SEIZE THAT WOMAN”

Greatest terrible Christmas movie ever made",Yes
"The Chronicles of Narnia: The Lion, the Witch and the Wardrobe",2005,,,,,
The Conversation,1974,08/15/2025,4.5,9.0,"Mannnnnn what a performance, what a movie. Haven’t seen a movie so patient with the story since Pig with Nick Cage.",Yes
The Croods,2013,,,,,
The Crying Game,1992,,,,,
The DUFF,2015,,,,,
The Dark Knight,2008,04/27/2021,4.5,9.0,,Yes
The Dark Knight Rises,2012,,,,,
The Day After Tomorrow,2004,,,,,
The Death of Stalin,2017,,,,,
The Descent,2005,10/14/2025,3.5,7.0,"These women were actually pretty smart during the movie, except for being stupid enough to  choose to cave dive for VACATION. Never heard of a cold beer in a hot tub?",Yes
The Devil Wears Prada,2006,,,,,
The Dictator,2012,,,,,
The Disaster Artist,2017,,,,,
The Do-Over,2016,,,,,
The Edge of Seventeen,2016,01/05/2026,4.0,8.0,Still a sucker for coming of age movies in the big 2026. A little by the book but the relationships are so genuine that it really works,Yes
The Electric State,2025,04/01/2025,2.0,4.0,Bad music acting writing and editing.. but 2 starts for reminding me of fallout,
The Elephant Man,1980,06/09/2025,3.5,7.0,"John Hurt can barely move and gives the most genuine performance I’ve ever seen, every line got me tearing up.",Yes
The Emperor's New Groove,2000,,,,,
The Empire Strikes Back,1980,,,,,
The Equalizer,2014,01/31/2025,4.0,8.0,The 2000s movie of all time made in 2014?? Director must’ve loved Evanescence music videos,Yes
The Fall Guy,2024,01/31/2025,2.5,5.0,Give stunts an Oscar nomination already,
The Family Stone,2005,,,,,
The Fantastic 4: First Steps,2025,08/06/2025,3.5,7.0,Most traumatic childbirth since Quiet Place,Yes
The Fifth Element,1997,,,,,
The Flash,2023,06/20/2023,1.5,3.0,,
The Florida Project,2017,,,,,
The Fly,1986,10/15/2025,4.5,9.0,"If anybody got recommendations for gross movies with fantastic effects please let me know, I can’t get enough. Also how’s he getting all these baboons? He’s buying them like they’re goldfish",Yes
The Fog,1980,05/29/2025,3.0,6.0,I imagine Carpenter is smiling the entire time playing the synthesizer,
The Foot Fist Way,2006,05/13/2025,1.5,3.0,This feels like a Danny McBride side character got a spinoff movie,
The Fox and the Hound,1981,,,,,
The Game,1997,04/22/2025,4.0,8.0,Peele gotta make this into a horror remake,Yes
The Gentlemen,2019,,,,,
The Gingerdead Man,2005,,,,,
The Giver,2014,,,,,
The Godfather,1972,04/27/2021,4.5,9.0,,Yes
The Golden Compass,2007,,,,,
The Good Dinosaur,2015,,,,,
The Graduate,1967,,,,,
The Great Gatsby,2013,,,,,
The Great Mouse Detective,1986,,,,,
The Green Hornet,2011,,,,,
The Green Knight,2021,06/20/2023,2.0,4.0,,
The Green Mile,1999,06/25/2025,4.5,9.0,Greatest compliment I can give is that this movie felt shorter than Terror Train (97 minutes),Yes
The Grinch,2018,,,,,
The Hangover,2009,,,,,
The Harder They Fall,2021,06/20/2023,1.0,2.0,,
The Hateful Eight,2015,11/30/2021,3.5,7.0,,
The Haunted Mansion,2003,,,,,
The Hidden,1987,08/07/2025,2.5,5.0,"Kyle MacLachlan is a perfect casting as a weird FBI dude, something about the face. Also officially 1 for 300 on guessing twists",
The Hobbit: An Unexpected Journey,2012,,,,,
The Hobbit: The Battle of the Five Armies,2014,,,,,
The House Bunny,2008,,,,,
The Hunchback of Notre Dame,1996,,,,,
The Hunger Games,2012,04/27/2021,1.5,3.0,,
The Hunger Games: Catching Fire,2013,,,,,
The Hunger Games: Mockingjay – Part 2,2015,,,,,
The Hurricane,1999,07/13/2025,2.0,4.0,,
The Hurt Locker,2008,,,,,
The Incident,1967,04/17/2025,3.0,6.0,45 minutes for character introductions??? Such an interesting concept after having to sludge through the first half,
The Incredible Hulk,2008,,,,,
The Incredible Melting Man,1977,12/01/2025,2.0,4.0,"“I got an idea, let’s kill the happy cute old couple and not the creepy photographer”😐 classic 70s",
The Incredibles,2004,04/27/2021,4.5,9.0,,Yes
The Insider,1999,06/17/2025,3.5,7.0,Christopher Plummer’s acting so good he beat out my hate for corporate characters,Yes
The Interview,2014,,,,,
The Intouchables,2011,06/20/2023,3.5,7.0,,Yes
The Iron Giant,1999,,,,,
The Jericho Mile,1979,09/26/2025,2.5,5.0,"What a weird start for Mann’s career, guessing he decided he never wanted to see the sun in his movies again after this",
The Jerk,1979,09/15/2024,2.0,4.0,Wished he pulled apart more churches,
The Jungle Book,1967,,,,,
The Kentucky Fried Movie,1977,07/27/2023,2.0,4.0,,
The Killing,1956,08/28/2024,3.5,7.0,,Yes
The King of Comedy,1982,06/20/2023,4.5,9.0,,Yes
The King's Speech,2010,,,,,
The Last Airbender,2010,,,,,
The Last Duel,2021,06/20/2023,3.5,7.0,,Yes
The Last of the Mohicans,1992,02/28/2025,3.5,7.0,A gorgeous shot movie having two random stock video shots of a waterfall is incredible,Yes
The Lego Batman Movie,2017,,,,,
The Lego Movie,2014,09/17/2025,4.0,8.0,This and Battle for Bikini Bottom are the blueprint for how to do licensed entertainment,Yes
The Lion King,1994,,,,,
The Lion King 1½,2004,,,,,
The Little Mermaid,1989,,,,,
The Lobster,2015,04/27/2021,1.5,3.0,,
The Lorax,2012,,,,,
The Lord of the Rings: The Fellowship of the Ring,2001,04/27/2021,4.5,9.0,,Yes
The Lord of the Rings: The Return of the King,2003,,,,,
The Lord of the Rings: The Two Towers,2002,04/27/2021,4.0,8.0,,Yes
The Losers,2010,06/20/2023,3.0,6.0,,
The Love Guru,2008,,,,,
The Lovebirds,2020,06/20/2023,3.0,6.0,,
The Lovely Bones,2009,,,,,
The Many Adventures of Winnie the Pooh,1977,,,,,
The Martian,2015,04/27/2021,4.0,8.0,,Yes
The Mask,1994,,,,,
The Matrix,1999,07/09/2025,3.5,7.0,"Oozing style from start to finish, every reflection shot is 10/10",Yes
The Maze Runner,2014,,,,,
The Menu,2022,06/22/2023,2.5,5.0,,
The Mitchells vs. the Machines,2021,06/20/2023,3.5,7.0,,Yes
The Muppet Christmas Carol,1992,12/14/2023,3.5,7.0,Everytime Kermit was on screen 10/10,Yes
The Muppet Movie,1979,06/20/2023,3.5,7.0,,Yes
The Naked Gun,2025,11/07/2025,3.5,7.0,"What a weird Kingsman remake
(Everything Happy Gilmore 2 wishes it was)",
The Naked Gun: From the Files of Police Squad!,1988,06/20/2023,4.0,8.0,,Yes
The Nice Guys,2016,04/27/2021,3.5,7.0,,Yes
The Night Evelyn Came Out of the Grave,1971,10/08/2025,0.5,1.0,Filmed on a microwave with the budget to buy one light. A good alternative to melatonin,
The Nightmare Before Christmas,1993,06/20/2023,4.0,8.0,,Yes
The Northman,2022,03/14/2025,4.5,9.0,Can’t explain why but this movie makes me wants to punch down a tree,Yes
The Nut Job,2014,,,,,
The Odd Life of Timothy Green,2012,,,,,
The Old Guard,2020,,,,,
The Omega Man,1971,06/20/2023,2.0,4.0,,
The Other Guys,2010,06/20/2023,3.5,7.0,,
The Outsiders,1983,,,,,
The Overnight,2015,,,,,
The Ox-Bow Incident,1943,07/15/2025,3.5,7.0,12 Angry Men: the bad ending.,
The Pacifier,2005,,,,,
The Pale Blue Eye,2022,06/12/2023,2.5,5.0,,
The Parallax View,1974,09/08/2025,3.0,6.0,Damn that ending,
The Parent Trap,1998,,,,,
The Party,1968,08/28/2025,2.5,5.0,"I just wanna go to a party and wash an elephant now, didn’t know that’s what rich people did",
The Patriot,2000,,,,,
The Peanut Butter Falcon,2019,,,,,
The Perks of Being a Wallflower,2012,04/27/2021,5.0,10.0,,Yes
The Pianist,2002,,,,,
The Player,1992,08/27/2025,4.0,8.0,"The last 30 minutes loses me a bit, but I love the script here, and the million cameos that either hate Hollywood or got tricked into being in an anti Hollywood movie",Yes
The Polar Express,2004,,,,,
The Power of the Dog,2021,06/20/2023,3.0,6.0,,
The Powerpuff Girls Movie,2002,,,,,
The Prestige,2006,06/27/2025,4.5,9.0,"Officially 0–30 guessing twists, feel personally attacked by Michael Caines narration saying I ain’t looking",Yes
The Prince of Egypt,1998,,,,,
The Princess and the Frog,2009,,,,,
The Pursuit of Happyness,2006,02/06/2026,4.5,9.0,"I don’t know if I’ll ever stop thinking about this movie, especially the quote on Jefferson’s inclusion of the pursuit. Also I love King Richard but this clearly is Will Smith’s best performance",Yes
The Rapsittie Street Kids: Believe in Santa,2002,01/03/2026,0.5,1.0,Heard rumors it was animated on Kid Pix by a 5th grade technology class,Yes
The Return of the Texas Chainsaw Massacre,1995,02/05/2026,1.5,3.0,"Kinda loved the first 30 minutes of this? Barry was the best douche and the first chase was actually good. Than the rest happens, already forget where that time went",
The Revenant,2015,,,,,
The Rip,2026,01/20/2026,1.5,3.0,"I’m glad I watched it so the workers can get their bonuses, but that was poop",
The Rocky Horror Picture Show,1975,11/01/2023,2.5,5.0,,
The Rookie,2002,06/20/2023,2.5,5.0,,
The Room,2003,,,,,
The Royal Tenenbaums,2001,05/16/2024,2.5,5.0,,
The Rum Diary,2011,06/20/2023,3.5,7.0,,Yes
The Running Man,1987,03/21/2025,1.5,3.0,Imagine Arnold saying a one liner.. congrats you’ve seen the movie,
The Santa Clause,1994,,,,,
The Santa Clause 2,2002,,,,,
The Santa Clause 3: The Escape Clause,2006,,,,,
The Secret Life of Pets,2016,,,,,
The Secret Life of Walter Mitty,2013,,,,,
The Secret World of Arrietty,2010,,,,,
The Seventh Seal,1957,08/21/2025,3.0,6.0,"That’s enough existential dread for the next month, thanks",
The Shawshank Redemption,1994,,,,,
The Shining,1980,,,,,
The Simpsons Movie,2007,,,,,
The Smurfs,2011,,,,,
The Social Network,2010,04/27/2021,5.0,10.0,,Yes
The SpongeBob Movie: Sponge Out of Water,2015,,,,,
The SpongeBob SquarePants Movie,2004,04/27/2021,5.0,10.0,,Yes
The Star Wars Holiday Special,1978,12/16/2024,0.5,1.0,"Truly horrible, volcano head man is the worst character ever created even with just 2 minutes of screen time.",
The Stepford Wives,1975,10/14/2025,2.0,4.0,"Good message, good premise, BORING. Slow burn with no scenes that hit hard or are memorable enough to remember a week from now",
The Straight Story,1999,07/02/2025,1.0,2.0,Felt like driving 2 hours without a car radio,
The Stuff,1985,,,,,
The Substance,2024,10/16/2025,3.5,7.0,"What da hell, thought watching the Fly would prepare me but it did not. Love to see the return of practical effects like this though😌",Yes
The Suicide Squad,2021,,,,,
The Suite Life Movie,2011,,,,,
The Super Mario Bros. Movie,2023,06/12/2023,3.0,6.0,,Yes
The Sword in the Stone,1963,,,,,
The Texas Chain Saw Massacre,1974,10/09/2025,3.5,7.0,"Can I get a hell yeah for Franklin getting sawed in half, I audibly clapped during it. Murdering Psychopath > annoying ass Franklin",Yes
The Theory of Everything,2014,,,,,
The Thing,1982,04/11/2025,4.0,8.0,So excited to watch 3 documentaries about how this was made,Yes
The Tomorrow War,2021,08/04/2021,1.5,3.0,,
The Town,2010,,,,,
The Trial of the Chicago 7,2020,06/20/2023,4.5,9.0,,Yes
The Truman Show,1998,,,,,
The Tune,1992,06/03/2025,3.0,6.0,That lovesick hotel song is a banger. Could’ve been 50 minutes instead but a fun watch,
The Visitor,2007,06/20/2023,2.5,5.0,,
The Warriors,1979,11/04/2025,4.0,8.0,"CAN YOU DIG IT? Stole the whole movie with 2 minutes of screen time, most impressive thing I’ve ever seen",Yes
The Way Way Back,2013,,,,,
The Wild Robot,2024,02/25/2025,3.5,7.0,They should make a museum solely for every single frame in this,Yes
The Witches,1990,,,,,
The Wizard of Oz,1939,,,,,
The Wolf of Wall Street,2013,04/27/2021,4.0,8.0,,Yes
The Worst Person in the World,2021,06/20/2023,3.5,7.0,,
The Wrong Trousers,1993,,,,,
The Year Without a Santa Claus,1974,12/12/2025,4.0,8.0,"Snow Miser supremacy.

SM: “friends call me Snow Miser”
HM: “they call me Heat Miser”

🤣🫵he doesn’t even have friends",Yes
There Will Be Blood,2007,04/27/2021,4.0,8.0,,Yes
Thief,1981,02/05/2026,3.5,7.0,What a main character. Absolutely carries this story as the worst kind of likable protagonist. Could see this rating easily going up with a rewatch,Yes
This Is the End,2013,,,,,
This Means War,2012,,,,,
Thor,2011,04/27/2021,1.0,2.0,,
Thor: Love and Thunder,2022,06/20/2023,3.0,6.0,,
Thor: Ragnarok,2017,04/27/2021,3.5,7.0,,
Thor: The Dark World,2013,,,,,
"Three Billboards Outside Ebbing, Missouri",2017,06/20/2023,3.5,7.0,,
Thriller: A Cruel Picture,1973,05/12/2025,1.0,2.0,Tarantino is a freak for requesting Daryl Hannah watch this for her role,
Thunderbolts*,2025,05/17/2025,3.0,6.0,No wonder Sam wants to make a different team this one almost lost to a wall,
Titanic,1997,04/27/2021,3.0,6.0,,
Tokyo Godfathers,2003,12/19/2025,3.5,7.0,"This has no right having that good of a final chase out of nowhere, I was stressing over silly dramedy all of a sudden. Also probably not a Christmas movie? 50/50 depends on the day",Yes
Tombstone,1993,05/14/2025,3.5,7.0,Love the Cowboy killing Highlight reels,
Tomorrowland,2015,,,,,
Top Gun: Maverick,2022,06/20/2023,4.5,9.0,,Yes
Top Secret!,1984,04/27/2021,3.0,6.0,,
Tower Heist,2011,,,,,
Toy Story,1995,04/27/2021,2.5,5.0,,
Toy Story 2,1999,,,,,
Toy Story 3,2010,,,,,
Toy Story 4,2019,,,,,
Train Dreams,2025,01/04/2026,4.0,8.0,"Best looking movie of 2025? Probably. Also depressing, was not ready to get hit in the chest like that",Yes
Train to Busan,2016,01/07/2026,3.5,7.0,"Seriously spoiler ahead
.
.
.
.
.
.
.
.
.
.
.
.
.
.
Husband sacrifice >>> dad sacrifice. Only way the dad’s death is better is cause the daughter is giving the crying performances I’ve seen in so so long",
Trainspotting,1996,06/27/2025,4.0,8.0,"Took about 3 minutes to turn on subtitles, I think Spud made up his own language",Yes
Transformers,2007,,,,,
Transformers: Age of Extinction,2014,,,,,
Transformers: The Last Knight,2017,,,,,
Trap,2024,05/06/2025,1.5,3.0,"Gay blonde Kid Cudi isn’t real, he can’t hurt you. Gay blonde Kid Cudi:",
Treasure Planet,2002,06/20/2023,4.0,8.0,,Yes
Trick 'r Treat,2007,10/07/2025,3.5,7.0,"One of the greatest movie costumes ever created, idk how more kids don’t dress up as Sam",Yes
Troll 2,1990,06/20/2023,1.0,2.0,,Yes
Tropic Thunder,2008,,,,,
True Lies,1994,,,,,
True Romance,1993,06/20/2023,3.0,6.0,,
Tucker and Dale vs. Evil,2010,06/20/2023,3.5,7.0,,Yes
Turbo,2013,,,,,
Turning Red,2022,,,,,
Twelve Monkeys,1995,,,,,
Twilight,2008,,,,,
Twisted,2004,12/17/2024,1.5,3.0,,
Two People Exchanging Saliva,2024,,,,,
Unbreakable,2000,,,,,
Uncut Gems,2019,04/27/2021,2.0,4.0,,
Up,2009,08/04/2021,4.0,8.0,,Yes
Upgrade,2018,10/04/2024,4.0,8.0,Not corny AI bad movie?? 2018>> 2024,Yes
Vacation,2015,,,,,
Val,2021,06/20/2023,3.0,6.0,,
Valentine's Day,2010,,,,,
Valley Girl,1983,08/20/2025,1.0,2.0,"https://open.spotify.com/playlist/75Wfi8Lt8KxzpDbpBjFUN2?si=ZHGI8oxMQRGWRBvigm-DDA&pi=go0PlPLWQmm4V

Here’s the soundtrack, saved you 99 minutes. You’re welcome",
Varsity Blues,1999,07/21/2025,3.5,7.0,A final act so much better you forget how bad of a raunchy high school comedy this tried to be,Yes
Vertigo,1958,07/25/2025,3.0,6.0,"One of the best looking movies I’ve ever seen. Never wanted to go to San Fran more, hang every third shot in a museum",
WALL·E,2008,04/27/2021,3.5,7.0,,
Waiting...,2005,,,,,
Wake Up Dead Man,2025,12/28/2025,4.0,8.0,Weirdly one of the most festive feeling things I’ve seen in December this year? I have no idea why,Yes
Walk Hard: The Dewey Cox Story,2007,,,,,
Wallace & Gromit: The Curse of the Were-Rabbit,2005,,,,,
Wallace & Gromit: Vengeance Most Fowl,2024,02/14/2025,3.0,6.0,Train chase may have the greatest establishing shot for no reason,
War Horse,2011,,,,,
War for the Planet of the Apes,2017,,,,,
Warfare,2025,01/03/2026,3.5,7.0,Between this and Marty Supreme I’m way too stressed going into 2026,
Warrior,2011,,,,,
We're the Millers,2013,,,,,
Weapons,2025,08/15/2025,4.0,8.0,The layout of the 2nd floor in the house was the real MVP,Yes
Wedding Crashers,2005,01/26/2026,3.5,7.0,,
Weird Science,1985,,,,,
Weird: The Al Yankovic Story,2022,06/12/2023,2.5,5.0,,
What We Do in the Shadows,2014,04/27/2021,3.0,6.0,,
When Harry Met Sally...,1989,06/20/2023,4.5,9.0,,Yes
Where the Wild Things Are,2009,,,,,
Whiplash,2014,06/18/2023,4.0,8.0,,Yes
Whisper of the Heart,1995,06/17/2025,3.0,6.0,Did the Leo pointing at the screen when Lofi Girl showed up,
Who Framed Roger Rabbit,1988,,,,,
Who Killed Captain Alex?,2010,04/15/2025,0.5,1.0,"1 of 1 movie, nothing else will ever have dubbing that skips dialogue and hypes up action scenes instead",
Wicked,2024,02/24/2025,4.0,8.0,This really puts into context the sins of Emilia Perez,Yes
Wicked,2024,02/24/2025,4.0,8.0,Was scared to revisit but that 160 minute runtime flies by. Optimistic for part 2 tomorrow,Yes
Wicked: For Good,2025,12/03/2025,3.5,7.0,"Never thought I’d be campaigning for Ariana Grande to win an Oscar, but here we are. More than anything she embarrassed Michelle Yeoh’s sleepy ah performance",
Willy Wonka & the Chocolate Factory,1971,,,,,
Wind River,2017,03/14/2025,4.5,9.0,Disappointed with myself that I forgot to log this one,Yes
Wizards of Waverly Place: The Movie,2009,,,,,
Wolfs,2024,08/12/2025,3.0,6.0,"They almost died cause of a dance circle, wish I was making that up",
Wolfwalkers,2020,06/25/2025,4.0,8.0,Best Irish movie since Sing Street,Yes
Woman of the Hour,2023,02/04/2025,3.0,6.0,Tony Hale’s humor can’t even be stopped from a disturbing serial killer movie,
Won't You Be My Neighbor?,2018,07/15/2023,4.0,8.0,,Yes
Wonder Woman,2017,04/27/2021,2.0,4.0,,
Wonderwall,1968,08/05/2025,1.0,2.0,,
Wreck-It Ralph,2012,,,,,
Wyrmwood: Road of the Dead,2014,,,,,
X,2022,,,,,
X-Men,2000,,,,,
X-Men: Days of Future Past,2014,,,,,
X-Men: First Class,2011,,,,,
X-Men: The Last Stand,2006,,,,,
X2,2003,,,,,
Xtro,1982,04/29/2025,2.0,4.0,Some leftover alien script and family drama script got morphed together,
Yor: The Hunter from the Future,1983,07/17/2025,1.5,3.0,I feel like Dom watching this many bad movies,
You're Next,2011,10/11/2025,3.5,7.0,"I’m been itching for some good, bloody kills. Made a bit wonky but a fun time",Yes
Your Lucky Day,2023,09/16/2024,2.0,4.0,If the first hour was cut off it would be a very interesting short film,
Zathura: A Space Adventure,2005,,,,,
Zodiac,2007,08/14/2025,4.0,8.0,Should’ve arrested him based off watch alone,Yes
Zombieland,2009,,,,,
Zootopia,2016,,,,,
Zootopia 2,2025,01/11/2026,3.5,7.0,Wouldn’t be mad about 3 more of these if they’re all gonna be this funny,Yes
"tick, tick... BOOM!",2021,06/20/2023,3.0,6.0,,
