Date,Name,Year,Letterboxd URI
2021-04-27,Parasite,2019,https://boxd.it/hTha
2021-04-27,Joker,2019,https://boxd.it/h4cS
2021-04-27,Knives Out,2019,https://boxd.it/jWEA
2021-04-27,Pulp Fiction,1994,https://boxd.it/29Pq
2021-04-27,Inception,2010,https://boxd.it/1skk
2021-04-27,Get Out,2017,https://boxd.it/eOCm
2021-04-27,Lady Bird,2017,https://boxd.it/dGNE
2021-04-27,Spider-Man: Into the Spider-Verse,2018,https://boxd.it/azpY
2021-04-27,Fight Club,1999,https://boxd.it/2a9q
2021-04-27,The Dark Knight,2008,https://boxd.it/2b0k
2021-04-27,Interstellar,2014,https://boxd.it/4VZ8
2021-04-27,Jojo Rabbit,2019,https://boxd.it/iEBG
2021-04-27,Baby Driver,2017,https://boxd.it/bhF2
2021-04-27,Inglourious Basterds,2009,https://boxd.it/1JzG
2021-04-27,Whiplash,2014,https://boxd.it/7bQA
2021-04-27,Black Panther,2018,https://boxd.it/8MHs
2021-04-27,The Wolf of Wall Street,2013,https://boxd.it/3C1m
2021-04-27,Avengers: Infinity War,2018,https://boxd.it/9vEe
2021-04-27,Uncut Gems,2019,https://boxd.it/gXGc
2021-04-27,Gone Girl,2014,https://boxd.it/6hQu
2021-04-27,Avengers: Endgame,2019,https://boxd.it/9vE4
2021-04-27,Mad Max: Fury Road,2015,https://boxd.it/2DjO
2021-04-27,Arrival,2016,https://boxd.it/aNGk
2021-04-27,Spirited Away,2001,https://boxd.it/2b4m
2021-04-27,Eternal Sunshine of the Spotless Mind,2004,https://boxd.it/6YK
2021-04-27,1917,2019,https://boxd.it/jj4y
2021-04-27,Django Unchained,2012,https://boxd.it/2cCk
2021-04-27,The Social Network,2010,https://boxd.it/17ue
2021-04-27,Marriage Story,2019,https://boxd.it/hJAw
2021-04-27,Guardians of the Galaxy,2014,https://boxd.it/3VH2
2021-04-27,Dunkirk,2017,https://boxd.it/d0Y6
2021-04-27,The Godfather,1972,https://boxd.it/2aNK
2021-04-27,Soul,2020,https://boxd.it/ioLA
2021-04-27,Thor: Ragnarok,2017,https://boxd.it/8MHi
2021-04-27,Star Wars: The Force Awakens,2015,https://boxd.it/4vru
2021-04-27,Scott Pilgrim vs. the World,2010,https://boxd.it/1Aq6
2021-04-27,Forrest Gump,1994,https://boxd.it/728
2021-04-27,Coco,2017,https://boxd.it/bYJQ
2021-04-27,Deadpool,2016,https://boxd.it/9fOC
2021-04-27,A Quiet Place,2018,https://boxd.it/fVJQ
2021-04-27,Inside Out,2015,https://boxd.it/4KHC
2021-04-27,Spider-Man: Homecoming,2017,https://boxd.it/aboM
2021-04-27,Star Wars: The Last Jedi,2017,https://boxd.it/5xme
2021-04-27,The Lord of the Rings: The Fellowship of the Ring,2001,https://boxd.it/2b5O
2021-04-27,The Avengers,2012,https://boxd.it/1xFW
2021-04-27,The Shawshank Redemption,1994,https://boxd.it/2aHi
2021-04-27,The Empire Strikes Back,1980,https://boxd.it/27Vw
2021-04-27,Booksmart,2019,https://boxd.it/igNS
2021-04-27,Guardians of the Galaxy Vol. 2,2017,https://boxd.it/8MxC
2021-04-27,GoodFellas,1990,https://boxd.it/29FA
2021-04-27,Captain America: Civil War,2016,https://boxd.it/89Ja
2021-04-27,Spider-Man: Far From Home,2019,https://boxd.it/fegG
2021-04-27,Logan,2017,https://boxd.it/7Piy
2021-04-27,Star Wars: The Rise of Skywalker,2019,https://boxd.it/5xlK
2021-04-27,Ratatouille,2007,https://boxd.it/27ww
2021-04-27,Bohemian Rhapsody,2018,https://boxd.it/f1TK
2021-04-27,The Martian,2015,https://boxd.it/8SeG
2021-04-27,Doctor Strange,2016,https://boxd.it/8MH8
2021-04-27,Up,2009,https://boxd.it/1OEc
2021-04-27,WALL·E,2008,https://boxd.it/1VEo
2021-04-27,Rogue One: A Star Wars Story,2016,https://boxd.it/aPvy
2021-04-27,Captain America: The Winter Soldier,2014,https://boxd.it/3r58
2021-04-27,The Revenant,2015,https://boxd.it/8H5e
2021-04-27,Toy Story,1995,https://boxd.it/29qA
2021-04-27,The Dark Knight Rises,2012,https://boxd.it/H3m
2021-04-27,Iron Man,2008,https://boxd.it/28dA
2021-04-27,Wonder Woman,2017,https://boxd.it/9roG
2021-04-27,The Lobster,2015,https://boxd.it/7tnw
2021-04-27,The Lord of the Rings: The Return of the King,2003,https://boxd.it/2b5u
2021-04-27,The Hateful Eight,2015,https://boxd.it/8gw8
2021-04-27,The Incredibles,2004,https://boxd.it/1XLm
2021-04-27,Moonrise Kingdom,2012,https://boxd.it/2Wng
2021-04-27,Psycho,1960,https://boxd.it/2ab2
2021-04-27,The Big Lebowski,1998,https://boxd.it/2b6C
2021-04-27,The Perks of Being a Wallflower,2012,https://boxd.it/2ZA8
2021-04-27,Avengers: Age of Ultron,2015,https://boxd.it/3qi6
2021-04-27,The Florida Project,2017,https://boxd.it/dMG0
2021-04-27,Titanic,1997,https://boxd.it/2a2k
2021-04-27,Incredibles 2,2018,https://boxd.it/7IPg
2021-04-27,The Lord of the Rings: The Two Towers,2002,https://boxd.it/2b5E
2021-04-27,Harry Potter and the Prisoner of Azkaban,2004,https://boxd.it/29Qy
2021-04-27,Return of the Jedi,1983,https://boxd.it/27Vm
2021-04-27,There Will Be Blood,2007,https://boxd.it/20Z2
2021-04-27,Good Will Hunting,1997,https://boxd.it/2ahY
2021-04-27,Finding Nemo,2003,https://boxd.it/72i
2021-04-27,Fantastic Mr. Fox,2009,https://boxd.it/1WyQ
2021-04-27,Batman Begins,2005,https://boxd.it/2aIg
2021-04-27,Harry Potter and the Philosopher's Stone,2001,https://boxd.it/29QS
2021-04-27,Ant-Man,2015,https://boxd.it/3vmW
2021-04-27,The Lion King,1994,https://boxd.it/201Q
2021-04-27,Deadpool 2,2018,https://boxd.it/dlLM
2021-04-27,"Monsters, Inc.",2001,https://boxd.it/2a46
2021-04-27,Dead Poets Society,1989,https://boxd.it/2aSg
2021-04-27,Toy Story 4,2019,https://boxd.it/9ALu
2021-04-27,Captain America: The First Avenger,2011,https://boxd.it/28b0
2021-04-27,Birds of Prey (and the Fantabulous Emancipation of One Harley Quinn),2020,https://boxd.it/hSyO
2021-04-27,Zootopia,2016,https://boxd.it/84xS
2021-04-27,Kingsman: The Secret Service,2014,https://boxd.it/6dxe
2021-04-27,Palm Springs,2020,https://boxd.it/lCXQ
2021-04-27,Toy Story 3,2010,https://boxd.it/1WRe
2021-04-27,Suicide Squad,2016,https://boxd.it/9row
2021-04-27,The Nice Guys,2016,https://boxd.it/94Hg
2021-04-27,Saving Private Ryan,1998,https://boxd.it/29ro
2021-04-27,Shaun of the Dead,2004,https://boxd.it/29J8
2021-04-27,Iron Man 3,2013,https://boxd.it/2cBQ
2021-04-27,Moana,2016,https://boxd.it/8tfY
2021-04-27,Princess Mononoke,1997,https://boxd.it/2b4w
2021-04-27,Boyhood,2014,https://boxd.it/3178
2021-04-27,Ant-Man and the Wasp,2018,https://boxd.it/cqUW
2021-04-27,Home Alone,1990,https://boxd.it/29Fg
2021-04-27,One Flew Over the Cuckoo's Nest,1975,https://boxd.it/2aeA
2021-04-27,Die Hard,1988,https://boxd.it/2a7u
2021-04-27,Thor,2011,https://boxd.it/1WQU
2021-04-27,Shrek,2001,https://boxd.it/29zi
2021-04-27,What We Do in the Shadows,2014,https://boxd.it/7eQy
2021-04-27,Sorry to Bother You,2018,https://boxd.it/f21E
2021-04-27,The Hunger Games,2012,https://boxd.it/2uds
2021-04-27,Citizen Kane,1941,https://boxd.it/71O
2021-04-27,Iron Man 2,2010,https://boxd.it/1WZM
2021-04-27,Superbad,2007,https://boxd.it/20hO
2021-04-27,The SpongeBob SquarePants Movie,2004,https://boxd.it/1SYq
2021-04-27,Top Secret!,1984,https://boxd.it/1ZSE
2021-04-27,Shrek 2,2004,https://boxd.it/29z8
2021-08-04,Old,2021,https://boxd.it/npKI
2021-08-04,Black Widow,2021,https://boxd.it/hWV8
2021-08-04,A Quiet Place Part II,2020,https://boxd.it/iTx0
2021-08-04,Luca,2021,https://boxd.it/ipjC
2021-08-04,Loki,2021,https://boxd.it/sbHg
2021-08-04,The Tomorrow War,2021,https://boxd.it/lE78
2021-08-06,Bo Burnham: Inside,2021,https://boxd.it/v2uy
2021-11-30,Last Night in Soho,2021,https://boxd.it/lbJC
2021-11-30,King Richard,2021,https://boxd.it/mJZ2
2023-06-12,Spider-Man: Across the Spider-Verse,2023,https://boxd.it/kSz4
2023-06-12,Guardians of the Galaxy Vol. 3,2023,https://boxd.it/fVNI
2023-06-12,The Super Mario Bros. Movie,2023,https://boxd.it/i8C8
2023-06-12,Air,2023,https://boxd.it/Arlc
2023-06-12,The Pale Blue Eye,2022,https://boxd.it/u8tk
2023-06-12,A Man Called Otto,2022,https://boxd.it/zl06
2023-06-12,Sisu,2022,https://boxd.it/vHpu
2023-06-12,Scream VI,2023,https://boxd.it/zdfW
2023-06-12,Champions,2023,https://boxd.it/zbna
2023-06-12,Guillermo del Toro's Pinocchio,2022,https://boxd.it/kjMW
2023-06-12,Puss in Boots: The Last Wish,2022,https://boxd.it/aaie
2023-06-12,Weird: The Al Yankovic Story,2022,https://boxd.it/yYZA
2023-06-12,Spider-Man: No Way Home,2021,https://boxd.it/nwRw
2023-06-18,Reservoir Dogs,1992,https://boxd.it/2agc
2023-06-20,The Flash,2023,https://boxd.it/9twC
2023-06-20,Top Gun: Maverick,2022,https://boxd.it/cjr4
2023-06-20,Thor: Love and Thunder,2022,https://boxd.it/mMAY
2023-06-20,Hustle,2022,https://boxd.it/qpig
2023-06-20,The Omega Man,1971,https://boxd.it/1UiG
2023-06-20,Raya and the Last Dragon,2021,https://boxd.it/jbkI
2023-06-20,The Visitor,2007,https://boxd.it/1RVq
2023-06-20,Attack the Block,2011,https://boxd.it/hFO
2023-06-20,The Northman,2022,https://boxd.it/nK2s
2023-06-20,Day Shift,2022,https://boxd.it/sn8W
2023-06-20,Me Time,2022,https://boxd.it/wzV0
2023-06-20,Chip 'n Dale: Rescue Rangers,2022,https://boxd.it/eSk2
2023-06-20,It's Such a Beautiful Day,2012,https://boxd.it/hCY2
2023-06-20,Amsterdam,2022,https://boxd.it/oJ58
2023-06-20,Doctor Strange in the Multiverse of Madness,2022,https://boxd.it/gaTc
2023-06-20,Treasure Planet,2002,https://boxd.it/1Znm
2023-06-20,The Power of the Dog,2021,https://boxd.it/m99E
2023-06-20,The Worst Person in the World,2021,https://boxd.it/oyws
2023-06-20,Troll 2,1990,https://boxd.it/1sTE
2023-06-20,Dracula vs. Frankenstein,1971,https://boxd.it/25Ga
2023-06-20,Riders of Justice,2020,https://boxd.it/oHQc
2023-06-20,The Batman,2022,https://boxd.it/eDGs
2023-06-20,Val,2021,https://boxd.it/vs5a
2023-06-20,Licorice Pizza,2021,https://boxd.it/qTKY
2023-06-20,Red Rocket,2021,https://boxd.it/sGpi
2023-06-20,Rain Man,1988,https://boxd.it/2avw
2023-06-20,Ride the Eagle,2021,https://boxd.it/vkR6
2023-06-20,Mr. Right,2015,https://boxd.it/aZkK
2023-06-20,Don't Look Up,2021,https://boxd.it/o0Hc
2023-06-20,"tick, tick... BOOM!",2021,https://boxd.it/jz2e
2023-06-20,The Harder They Fall,2021,https://boxd.it/mRCU
2023-06-20,CODA,2021,https://boxd.it/tbf4
2023-06-20,21,2008,https://boxd.it/20BO
2023-06-20,Pig,2021,https://boxd.it/nzoW
2023-06-20,Porco Rosso,1992,https://boxd.it/1Tp2
2023-06-20,Rushmore,1998,https://boxd.it/1TAO
2023-06-20,Encanto,2021,https://boxd.it/kPRu
2023-06-20,Klaus,2019,https://boxd.it/ipoi
2023-06-20,The Mitchells vs. the Machines,2021,https://boxd.it/i7xm
2023-06-20,La La Land,2016,https://boxd.it/a5fa
2023-06-20,Belfast,2021,https://boxd.it/tefG
2023-06-20,The Nightmare Before Christmas,1993,https://boxd.it/1YzQ
2023-06-20,Dune,2021,https://boxd.it/fA7G
2023-06-20,(500) Days of Summer,2009,https://boxd.it/1EmM
2023-06-20,No Time to Die,2021,https://boxd.it/cPX2
2023-06-20,The Last Duel,2021,https://boxd.it/mQbe
2023-06-20,Fast Times at Ridgemont High,1982,https://boxd.it/1QnM
2023-06-20,The Rum Diary,2011,https://boxd.it/1z8g
2023-06-20,Hell or High Water,2016,https://boxd.it/bfGM
2023-06-20,Jackie Brown,1997,https://boxd.it/2aVO
2023-06-20,The Green Knight,2021,https://boxd.it/kuy2
2023-06-20,The Losers,2010,https://boxd.it/1ddo
2023-06-20,"Three Billboards Outside Ebbing, Missouri",2017,https://boxd.it/ceBS
2023-06-20,No Sudden Move,2021,https://boxd.it/o7WS
2023-06-20,The Trial of the Chicago 7,2020,https://boxd.it/kn3w
2023-06-20,Godzilla vs. Kong,2021,https://boxd.it/e0qK
2023-06-20,Sing Street,2016,https://boxd.it/cOo6
2023-06-20,Drive,2011,https://boxd.it/IG
2023-06-20,The Muppet Movie,1979,https://boxd.it/1UrS
2023-06-20,In Bruges,2008,https://boxd.it/20n8
2023-06-20,High Fidelity,2000,https://boxd.it/2aMW
2023-06-20,Possessor,2020,https://boxd.it/fsJW
2023-06-20,The King of Comedy,1982,https://boxd.it/2aJS
2023-06-20,True Romance,1993,https://boxd.it/2aBa
2023-06-20,The Rookie,2002,https://boxd.it/1NGG
2023-06-20,Pokémon Detective Pikachu,2019,https://boxd.it/fVA0
2023-06-20,Superman/Batman: Public Enemies,2009,https://boxd.it/1zXS
2023-06-20,The Breaker Upperers,2018,https://boxd.it/i846
2023-06-20,Safety Not Guaranteed,2012,https://boxd.it/2Y3M
2023-06-20,The Intouchables,2011,https://boxd.it/2FT0
2023-06-20,Project Power,2020,https://boxd.it/ml8S
2023-06-20,Tucker and Dale vs. Evil,2010,https://boxd.it/Mce
2023-06-20,Annie Hall,1977,https://boxd.it/29M2
2023-06-20,"Love, Simon",2018,https://boxd.it/g02s
2023-06-20,The Naked Gun: From the Files of Police Squad!,1988,https://boxd.it/18YE
2023-06-20,When Harry Met Sally...,1989,https://boxd.it/29W2
2023-06-20,Stand by Me,1986,https://boxd.it/2aOe
2023-06-20,The Other Guys,2010,https://boxd.it/1rtq
2023-06-20,Cast Away,2000,https://boxd.it/20i8
2023-06-20,History of the World: Part I,1981,https://boxd.it/1WWS
2023-06-20,The Lovebirds,2020,https://boxd.it/labE
2023-06-22,The Menu,2022,https://boxd.it/lScm
2023-07-07,Blood & Gold,2023,https://boxd.it/FwA2
2023-07-15,Indiana Jones and the Dial of Destiny,2023,https://boxd.it/b8vM
2023-07-15,Won't You Be My Neighbor?,2018,https://boxd.it/hDPU
2023-07-25,Barbie,2023,https://boxd.it/bCLK
2023-07-27,Oppenheimer,2023,https://boxd.it/wUow
2023-07-27,Hunt for the Wilderpeople,2016,https://boxd.it/cTgG
2023-07-27,Irresistible,2020,https://boxd.it/lVwO
2023-07-27,Into the Wild,2007,https://boxd.it/22m2
2023-07-27,On the Waterfront,1954,https://boxd.it/29TC
2023-07-27,Legally Blonde,2001,https://boxd.it/1ZNa
2023-07-27,The Kentucky Fried Movie,1977,https://boxd.it/1TsA
2023-07-27,Eurovision Song Contest: The Story of Fire Saga,2020,https://boxd.it/jkMG
2023-07-27,Heathers,1989,https://boxd.it/26x4
2023-07-27,Guns Akimbo,2019,https://boxd.it/gkFu
2023-07-27,City Slickers,1991,https://boxd.it/28P0
2023-09-28,"Crazy, Stupid, Love.",2011,https://boxd.it/D9A
2023-11-01,Five Nights at Freddy's,2023,https://boxd.it/ikHu
2023-11-01,Kung Fu Panda,2008,https://boxd.it/1Yws
2023-11-01,The Rocky Horror Picture Show,1975,https://boxd.it/1a3q
2023-11-01,Hotel Transylvania 2,2015,https://boxd.it/4ZLk
2023-11-23,Shane Gillis: Beautiful Dogs,2023,https://boxd.it/Ijri
2023-11-24,Kung Fu Panda 2,2011,https://boxd.it/G36
2023-12-14,Set It Up,2018,https://boxd.it/dpik
2023-12-14,The Muppet Christmas Carol,1992,https://boxd.it/1WgC
2024-01-01,Dungeons & Dragons: Honor Among Thieves,2023,https://boxd.it/hN1A
2024-01-14,BlackBerry,2023,https://boxd.it/CoVK
2024-01-15,Killers of the Flower Moon,2023,https://boxd.it/gHp0
2024-01-31,Rango,2011,https://boxd.it/QPk
2024-01-31,Hot Tub Time Machine,2010,https://boxd.it/1zIS
2024-02-05,Paddington,2014,https://boxd.it/3RKw
2024-02-11,Burn After Reading,2008,https://boxd.it/23BW
2024-02-27,Drive-Away Dolls,2024,https://boxd.it/A8vi
2024-03-04,Dune: Part Two,2024,https://boxd.it/pUfA
2024-03-16,Looper,2012,https://boxd.it/ham
2024-03-20,Howl's Moving Castle,2004,https://boxd.it/23De
2024-03-27,Ocean's Eleven,2001,https://boxd.it/2aZm
2024-05-16,Kingdom of the Planet of the Apes,2024,https://boxd.it/ohEE
2024-05-16,Léon: The Professional,1994,https://boxd.it/2b8S
2024-05-16,The Emperor's New Groove,2000,https://boxd.it/1Tey
2024-05-16,Dawn of the Planet of the Apes,2014,https://boxd.it/3XyQ
2024-05-16,War for the Planet of the Apes,2017,https://boxd.it/8FE2
2024-05-16,Sky High,2005,https://boxd.it/1TNI
2024-05-16,Scott Pilgrim Takes Off,2023,https://boxd.it/JLZk
2024-05-16,Cars,2006,https://boxd.it/29ho
2024-05-16,Monsters University,2013,https://boxd.it/bQm
2024-05-16,The Princess and the Frog,2009,https://boxd.it/1WQq
2024-05-16,Kong: Skull Island,2017,https://boxd.it/9ewM
2024-05-16,Bee Movie,2007,https://boxd.it/22Vw
2024-05-16,ParaNorman,2012,https://boxd.it/2FuY
2024-05-16,Transformers: Age of Extinction,2014,https://boxd.it/3d1m
2024-05-16,Evan Almighty,2007,https://boxd.it/26s4
2024-05-16,The Adventures of Rocky & Bullwinkle,2000,https://boxd.it/1IaK
2024-05-16,The Hangover,2009,https://boxd.it/1GjK
2024-05-16,Maestro,2023,https://boxd.it/j0DE
2024-05-16,Wedding Crashers,2005,https://boxd.it/1Yte
2024-05-16,The Lovely Bones,2009,https://boxd.it/20IA
2024-05-16,Deepwater Horizon,2016,https://boxd.it/9oiU
2024-05-16,Gladiator,2000,https://boxd.it/2b9m
2024-05-16,Brother Bear,2003,https://boxd.it/1Xjs
2024-05-16,Kubo and the Two Strings,2016,https://boxd.it/a4wE
2024-05-16,The Old Guard,2020,https://boxd.it/jY2e
2024-05-16,Astro Boy,2009,https://boxd.it/1JVW
2024-05-16,The Royal Tenenbaums,2001,https://boxd.it/1YHU
2024-05-16,Hook,1991,https://boxd.it/29nQ
2024-05-16,Hereditary,2018,https://boxd.it/hNVe
2024-05-16,Madagascar,2005,https://boxd.it/29dc
2024-05-16,Madagascar: Escape 2 Africa,2008,https://boxd.it/1W2K
2024-05-16,Madagascar 3: Europe's Most Wanted,2012,https://boxd.it/2NF6
2024-05-16,John Carter,2012,https://boxd.it/FQ2
2024-05-16,Ace Ventura: Pet Detective,1994,https://boxd.it/25RW
2024-05-16,Daredevil,2003,https://boxd.it/1YzG
2024-05-16,Christmas with the Kranks,2004,https://boxd.it/1PEW
2024-05-16,Bullet Train,2022,https://boxd.it/qW26
2024-05-16,Free Guy,2021,https://boxd.it/k8dm
2024-05-16,The Croods,2013,https://boxd.it/FRE
2024-05-16,Fast & Furious Presents: Hobbs & Shaw,2019,https://boxd.it/dnDA
2024-05-16,Green Lantern,2011,https://boxd.it/QN4
2024-05-16,Just Friends,2005,https://boxd.it/1XfA
2024-05-16,Megamind,2010,https://boxd.it/16Sk
2024-05-16,The Secret Life of Walter Mitty,2013,https://boxd.it/3SWy
2024-05-16,Night at the Museum,2006,https://boxd.it/28wi
2024-05-16,Submarine,2010,https://boxd.it/H4a
2024-05-16,Happy Gilmore,1996,https://boxd.it/1Yey
2024-05-16,Meet the Parents,2000,https://boxd.it/28vE
2024-05-16,DodgeBall: A True Underdog Story,2004,https://boxd.it/1YAY
2024-05-16,Night at the Museum: Battle of the Smithsonian,2009,https://boxd.it/1H7U
2024-05-16,Night at the Museum: Secret of the Tomb,2014,https://boxd.it/5x3m
2024-05-16,Tower Heist,2011,https://boxd.it/iQI
2024-05-16,Grown Ups,2010,https://boxd.it/169a
2024-05-16,Hotel Transylvania,2012,https://boxd.it/2DF6
2024-05-16,Grown Ups 2,2013,https://boxd.it/3GAq
2024-05-16,Pixels,2015,https://boxd.it/7BaA
2024-05-16,Murder Mystery,2019,https://boxd.it/iEBm
2024-05-16,Big Daddy,1999,https://boxd.it/1ZkW
2024-05-16,Billy Madison,1995,https://boxd.it/1UQI
2024-05-16,Jack and Jill,2011,https://boxd.it/2pQu
2024-05-16,The Do-Over,2016,https://boxd.it/dA2C
2024-05-16,The Shining,1980,https://boxd.it/29Nu
2024-05-16,Batman,1989,https://boxd.it/2aIU
2024-05-16,A Few Good Men,1992,https://boxd.it/29nw
2024-05-16,Mars Attacks!,1996,https://boxd.it/2bd4
2024-05-16,The Suite Life Movie,2011,https://boxd.it/f92
2024-05-16,I Now Pronounce You Chuck & Larry,2007,https://boxd.it/25cE
2024-05-16,Dolemite Is My Name,2019,https://boxd.it/je6E
2024-05-16,Shrek Forever After,2010,https://boxd.it/1WRo
2024-05-16,Shrek the Third,2007,https://boxd.it/29yY
2024-05-16,Mulan,1998,https://boxd.it/1VFw
2024-05-16,The Haunted Mansion,2003,https://boxd.it/1Vtq
2024-05-16,Daddy Day Care,2003,https://boxd.it/1VAw
2024-05-16,Bowfinger,1999,https://boxd.it/1U3w
2024-05-16,Imagine That,2009,https://boxd.it/1ECU
2024-05-16,Monster House,2006,https://boxd.it/1Z2e
2024-05-16,Paul Blart: Mall Cop,2009,https://boxd.it/1NQw
2024-05-16,Barnyard,2006,https://boxd.it/1XyC
2024-05-16,Dumb and Dumber To,2014,https://boxd.it/3qPk
2024-05-16,Step Brothers,2008,https://boxd.it/1SsE
2024-05-16,Vacation,2015,https://boxd.it/9n9M
2024-05-16,This Is the End,2013,https://boxd.it/3GB4
2024-05-16,Dumb and Dumber,1994,https://boxd.it/206m
2024-05-16,How the Grinch Stole Christmas,2000,https://boxd.it/1ZHQ
2024-05-16,The Mask,1994,https://boxd.it/29rS
2024-05-16,The Truman Show,1998,https://boxd.it/18U8
2024-05-16,Bruce Almighty,2003,https://boxd.it/2aCC
2024-05-16,Batman Forever,1995,https://boxd.it/2ara
2024-05-16,Liar Liar,1997,https://boxd.it/28sg
2024-05-16,Lemony Snicket's A Series of Unfortunate Events,2004,https://boxd.it/1T7s
2024-05-16,A Christmas Carol,2009,https://boxd.it/1HKW
2024-05-16,Horton Hears a Who!,2008,https://boxd.it/1SfA
2024-05-16,Ace Ventura: When Nature Calls,1995,https://boxd.it/1Z66
2024-05-16,Mr. Popper's Penguins,2011,https://boxd.it/kRS
2024-05-16,101 Dalmatians,1996,https://boxd.it/1TgO
2024-05-16,Space Chimps,2008,https://boxd.it/1T3q
2024-05-16,Men in Black,1997,https://boxd.it/2a0I
2024-05-16,I Am Legend,2007,https://boxd.it/21DG
2024-05-16,Shark Tale,2004,https://boxd.it/1VYe
2024-05-16,Independence Day,1996,https://boxd.it/2a1w
2024-05-16,Men in Black II,2002,https://boxd.it/2a0y
2024-05-16,Men in Black 3,2012,https://boxd.it/103U
2024-05-16,Bright,2017,https://boxd.it/e1H8
2024-05-16,Independence Day: Resurgence,2016,https://boxd.it/JwK
2024-05-16,The Hunger Games: Catching Fire,2013,https://boxd.it/3sAw
2024-05-16,The Hunger Games: Mockingjay – Part 2,2015,https://boxd.it/4hk0
2024-05-16,Jurassic Park,1993,https://boxd.it/2aA2
2024-05-16,Jurassic World: Fallen Kingdom,2018,https://boxd.it/bOnU
2024-05-16,The Prince of Egypt,1998,https://boxd.it/1XGQ
2024-05-16,Cats & Dogs,2001,https://boxd.it/1UUq
2024-05-16,G-Force,2009,https://boxd.it/1ETc
2024-05-16,Penguins of Madagascar,2014,https://boxd.it/89tc
2024-05-16,Over the Hedge,2006,https://boxd.it/20QY
2024-05-16,Bolt,2008,https://boxd.it/1QXg
2024-05-16,Robots,2005,https://boxd.it/1Xve
2024-05-16,Ice Age,2002,https://boxd.it/2apS
2024-05-16,Despicable Me 2,2013,https://boxd.it/3gg0
2024-05-16,The Lego Movie,2014,https://boxd.it/4pDO
2024-05-16,Ice Age: The Meltdown,2006,https://boxd.it/2wRk
2024-05-16,Big Hero 6,2014,https://boxd.it/5rje
2024-05-16,How to Train Your Dragon,2010,https://boxd.it/1WRy
2024-05-16,How to Train Your Dragon 2,2014,https://boxd.it/2TRW
2024-05-16,The Iron Giant,1999,https://boxd.it/1Wow
2024-05-16,Ralph Breaks the Internet,2018,https://boxd.it/edAy
2024-05-16,Wreck-It Ralph,2012,https://boxd.it/2TTS
2024-05-16,Finding Dory,2016,https://boxd.it/4aAA
2024-05-16,The Good Dinosaur,2015,https://boxd.it/3AD4
2024-05-16,A Bug's Life,1998,https://boxd.it/1Yyy
2024-05-16,Onward,2020,https://boxd.it/io92
2024-05-16,The Secret Life of Pets,2016,https://boxd.it/aJ5E
2024-05-16,Frozen II,2019,https://boxd.it/aPvo
2024-05-16,Chicken Run,2000,https://boxd.it/20Xg
2024-05-16,Despicable Me,2010,https://boxd.it/1DD8
2024-05-16,Rise of the Guardians,2012,https://boxd.it/2PXw
2024-05-16,Home,2015,https://boxd.it/6JxA
2024-05-16,Cars 2,2011,https://boxd.it/H4Y
2024-05-16,Tangled,2010,https://boxd.it/15gO
2024-05-16,Chicken Little,2005,https://boxd.it/1Xnu
2024-05-16,The Lego Batman Movie,2017,https://boxd.it/azp0
2024-05-16,Ice Age: Dawn of the Dinosaurs,2009,https://boxd.it/20iC
2024-05-16,Meet the Robinsons,2007,https://boxd.it/28Ym
2024-05-16,Toy Story 2,1999,https://boxd.it/29qq
2024-05-16,Brave,2012,https://boxd.it/bVG
2024-05-16,Cars 3,2017,https://boxd.it/7IPq
2024-05-16,Elvis,2022,https://boxd.it/mK4w
2024-05-16,The Polar Express,2004,https://boxd.it/23am
2024-05-16,Borat Subsequent Moviefilm,2020,https://boxd.it/rNS0
2024-05-16,The Simpsons Movie,2007,https://boxd.it/6YU
2024-05-16,Captain Phillips,2013,https://boxd.it/3GPK
2024-05-16,Big,1988,https://boxd.it/271S
2024-05-16,Saving Mr. Banks,2013,https://boxd.it/4vIq
2024-05-16,Bachelor Party,1984,https://boxd.it/1S64
2024-05-16,The Santa Clause,1994,https://boxd.it/1TWK
2024-05-16,The Santa Clause 2,2002,https://boxd.it/1ZmI
2024-05-16,The Santa Clause 3: The Escape Clause,2006,https://boxd.it/1Psw
2024-05-16,Buzz Lightyear of Star Command: The Adventure Begins,2000,https://boxd.it/1KDu
2024-05-16,School of Rock,2003,https://boxd.it/28xK
2024-05-16,Popstar: Never Stop Never Stopping,2016,https://boxd.it/blDa
2024-05-16,Arthur Christmas,2011,https://boxd.it/Cg6
2024-05-16,Let It Snow,2019,https://boxd.it/9kKg
2024-05-16,Mars Needs Moms,2011,https://boxd.it/DVu
2024-05-16,X-Men: Days of Future Past,2014,https://boxd.it/4aRw
2024-05-16,X-Men: The Last Stand,2006,https://boxd.it/1a5Q
2024-05-16,Storks,2016,https://boxd.it/aUo8
2024-05-16,Ghostbusters,1984,https://boxd.it/g2w
2024-05-17,Split,2016,https://boxd.it/dgSy
2024-05-17,Batman v Superman: Dawn of Justice,2016,https://boxd.it/6fBW
2024-05-17,Man of Steel,2013,https://boxd.it/FRk
2024-05-17,Mission: Impossible III,2006,https://boxd.it/29cI
2024-05-17,Fantastic Four: Rise of the Silver Surfer,2007,https://boxd.it/27Ii
2024-05-17,In Time,2011,https://boxd.it/FPS
2024-05-17,Alpha Dog,2006,https://boxd.it/20Va
2024-05-17,The Love Guru,2008,https://boxd.it/1Sm2
2024-05-17,Green Room,2015,https://boxd.it/a75m
2024-05-17,Star Trek,2009,https://boxd.it/1Q6c
2024-05-17,Star Trek Into Darkness,2013,https://boxd.it/uYE
2024-05-17,The Smurfs,2011,https://boxd.it/Zcm
2024-05-17,The Disaster Artist,2017,https://boxd.it/cTqc
2024-05-17,Babylon,2022,https://boxd.it/mM02
2024-05-17,The Fifth Element,1997,https://boxd.it/71k
2024-05-17,Twelve Monkeys,1995,https://boxd.it/2beQ
2024-05-17,Unbreakable,2000,https://boxd.it/1XV2
2024-05-17,"The Chronicles of Narnia: The Lion, the Witch and the Wardrobe",2005,https://boxd.it/2ark
2024-05-17,X-Men: First Class,2011,https://boxd.it/FOA
2024-05-17,Gnomeo & Juliet,2011,https://boxd.it/OKi
2024-05-17,The Last Airbender,2010,https://boxd.it/1WQK
2024-05-17,Star Wars: Episode III – Revenge of the Sith,2005,https://boxd.it/27US
2024-05-17,Star Wars: Episode I – The Phantom Menace,1999,https://boxd.it/27Vc
2024-05-17,Star Wars: Episode II – Attack of the Clones,2002,https://boxd.it/27V2
2024-05-17,Do the Right Thing,1989,https://boxd.it/29gA
2024-05-17,Miss Peregrine's Home for Peculiar Children,2016,https://boxd.it/8KPu
2024-05-17,Turbo,2013,https://boxd.it/2Hzw
2024-05-17,Kill Bill: Vol. 1,2003,https://boxd.it/70w
2024-05-17,Percy Jackson & the Olympians: The Lightning Thief,2010,https://boxd.it/1gJi
2024-05-17,Batman & Robin,1997,https://boxd.it/2ar0
2024-05-17,The Amazing Spider-Man,2012,https://boxd.it/27PI
2024-05-17,The Amazing Spider-Man 2,2014,https://boxd.it/3utM
2024-05-17,Easy A,2010,https://boxd.it/17DK
2024-05-17,Zombieland,2009,https://boxd.it/1En6
2024-05-17,The Interview,2014,https://boxd.it/6KQ4
2024-05-17,The House Bunny,2008,https://boxd.it/1RyG
2024-05-17,The Dictator,2012,https://boxd.it/2DEW
2024-05-17,Scary Movie,2000,https://boxd.it/24CG
2024-05-17,Cloudy with a Chance of Meatballs,2009,https://boxd.it/1A40
2024-05-17,Scary Movie 2,2001,https://boxd.it/24Cw
2024-05-17,Scary Movie 3,2003,https://boxd.it/24Be
2024-05-17,Cloudy with a Chance of Meatballs 2,2013,https://boxd.it/3GMw
2024-05-17,Election,1999,https://boxd.it/1YEc
2024-05-17,Ice Age: Continental Drift,2012,https://boxd.it/lQ2
2024-05-17,Role Models,2008,https://boxd.it/1MmK
2024-05-17,Planet 51,2009,https://boxd.it/1JA0
2024-05-17,Jumanji: Welcome to the Jungle,2017,https://boxd.it/bUeE
2024-05-17,Fast Five,2011,https://boxd.it/BgO
2024-05-17,Jungle Cruise,2021,https://boxd.it/g4YK
2024-05-17,San Andreas,2015,https://boxd.it/7sUa
2024-05-17,Valentine's Day,2010,https://boxd.it/1gui
2024-05-17,Idiocracy,2006,https://boxd.it/20RW
2024-05-17,Walk Hard: The Dewey Cox Story,2007,https://boxd.it/21wK
2024-05-17,Herbie Fully Loaded,2005,https://boxd.it/1TP0
2024-05-17,Waiting...,2005,https://boxd.it/20Pw
2024-05-17,Harry Potter and the Goblet of Fire,2005,https://boxd.it/29Qo
2024-05-17,Harry Potter and the Deathly Hallows: Part 2,2011,https://boxd.it/1RYk
2024-05-17,Harry Potter and the Order of the Phoenix,2007,https://boxd.it/29Qe
2024-05-17,Harry Potter 20th Anniversary: Return to Hogwarts,2022,https://boxd.it/xXJk
2024-05-17,Into the Woods,2014,https://boxd.it/6DtW
2024-05-23,Mad Max,1979,https://boxd.it/1Y7i
2024-05-23,Mad Max 2,1981,https://boxd.it/1ZPg
2024-05-23,The Big Short,2015,https://boxd.it/ajZw
2024-05-23,Lars and the Real Girl,2007,https://boxd.it/21tG
2024-05-23,Remember the Titans,2000,https://boxd.it/1VLk
2024-05-23,The Great Gatsby,2013,https://boxd.it/JY
2024-05-23,Kung Fu Panda 3,2016,https://boxd.it/4uRQ
2024-05-23,Power Rangers,2017,https://boxd.it/9KKc
2024-05-23,The Patriot,2000,https://boxd.it/27Bw
2024-05-23,Beauty and the Beast,2017,https://boxd.it/ar0c
2024-05-23,Harry Potter and the Deathly Hallows: Part 1,2010,https://boxd.it/1RYu
2024-05-23,Harry Potter and the Half-Blood Prince,2009,https://boxd.it/29FU
2024-05-23,Harry Potter and the Chamber of Secrets,2002,https://boxd.it/29QI
2024-05-23,X-Men,2000,https://boxd.it/1a7s
2024-05-23,Les Misérables,2012,https://boxd.it/2TT4
2024-05-23,X2,2003,https://boxd.it/1a7i
2024-05-23,Happy Feet,2006,https://boxd.it/1XH0
2024-05-23,Real Steel,2011,https://boxd.it/147m
2024-05-23,Bad Education,2019,https://boxd.it/jiME
2024-05-23,Robin Hood: Men in Tights,1993,https://boxd.it/20H8
2024-05-23,Jimmy Neutron: Boy Genius,2001,https://boxd.it/1RDm
2024-06-01,Furiosa: A Mad Max Saga,2024,https://boxd.it/tABk
2024-06-16,Inside Out 2,2024,https://boxd.it/CFrC
2024-08-20,Deadpool & Wolverine,2024,https://boxd.it/jq8s
2024-08-20,Kiki's Delivery Service,1989,https://boxd.it/1JAY
2024-08-20,Hit Man,2023,https://boxd.it/ANB2
2024-08-20,Full Metal Jacket,1987,https://boxd.it/2a1Q
2024-08-21,Alien: Romulus,2024,https://boxd.it/zGqO
2024-08-27,Manos: The Hands of Fate,1966,https://boxd.it/1ANa
2024-08-27,Nazis at the Center of the Earth,2012,https://boxd.it/3qJG
2024-08-28,The Killing,1956,https://boxd.it/2aMi
2024-08-29,Glass,2019,https://boxd.it/g3uO
2024-08-29,9,2009,https://boxd.it/1Scm
2024-08-29,Spy Kids 3-D: Game Over,2003,https://boxd.it/1S7w
2024-08-29,I Don't Feel at Home in This World Anymore,2017,https://boxd.it/f42u
2024-08-29,Happy Feet Two,2011,https://boxd.it/2Om
2024-08-29,The Hobbit: An Unexpected Journey,2012,https://boxd.it/GZk
2024-08-29,"Hail, Caesar!",2016,https://boxd.it/881G
2024-08-29,The Hurt Locker,2008,https://boxd.it/1Soi
2024-08-29,Wallace & Gromit: The Curse of the Were-Rabbit,2005,https://boxd.it/2ac0
2024-08-29,Game Night,2018,https://boxd.it/fRtu
2024-08-29,Sherlock Holmes,2009,https://boxd.it/1W2A
2024-08-29,The Family Stone,2005,https://boxd.it/1Zja
2024-08-29,Sherlock Holmes: A Game of Shadows,2011,https://boxd.it/k3S
2024-08-29,Hoot,2006,https://boxd.it/1HfE
2024-08-29,Glass Onion,2022,https://boxd.it/oCkK
2024-09-09,Rebel Ridge,2024,https://boxd.it/nZum
2024-09-15,Moneyball,2011,https://boxd.it/glS
2024-09-15,Freaks,1932,https://boxd.it/2b3o
2024-09-15,Lilo & Stitch,2002,https://boxd.it/1TAY
2024-09-15,Lilo & Stitch 2: Stitch Has a Glitch,2005,https://boxd.it/1CXw
2024-09-15,Stitch! The Movie,2003,https://boxd.it/1LYo
2024-09-15,The Year Without a Santa Claus,1974,https://boxd.it/1Qgc
2024-09-15,Super 8,2011,https://boxd.it/dVI
2024-09-15,The Stuff,1985,https://boxd.it/1GQa
2024-09-15,Forbidden World,1982,https://boxd.it/XmE
2024-09-15,Killer Klowns from Outer Space,1988,https://boxd.it/1Kpi
2024-09-15,X,2022,https://boxd.it/sxVa
2024-09-15,Mean Girls,2004,https://boxd.it/1VNg
2024-09-15,Transformers,2007,https://boxd.it/280c
2024-09-15,Teenage Mutant Ninja Turtles,2014,https://boxd.it/3oAs
2024-09-15,A Bad Moms Christmas,2017,https://boxd.it/fiHG
2024-09-15,The Maze Runner,2014,https://boxd.it/5YPM
2024-09-15,Maleficent,2014,https://boxd.it/3v1u
2024-09-15,Ella Enchanted,2004,https://boxd.it/1O5G
2024-09-15,Cinderella,2015,https://boxd.it/4KX6
2024-09-15,Cinderella,1950,https://boxd.it/1Uki
2024-09-15,Snow White and the Seven Dwarfs,1937,https://boxd.it/2arO
2024-09-15,Sleeping Beauty,1959,https://boxd.it/1V9A
2024-09-15,Beauty and the Beast,1991,https://boxd.it/1XhG
2024-09-15,Frozen,2013,https://boxd.it/3GNa
2024-09-15,Aladdin,1992,https://boxd.it/29yE
2024-09-15,The Black Cauldron,1985,https://boxd.it/1UYW
2024-09-15,Turning Red,2022,https://boxd.it/ipkq
2024-09-15,Epic,2013,https://boxd.it/3SNm
2024-09-15,Tarzan,1999,https://boxd.it/18YO
2024-09-15,Bambi,1942,https://boxd.it/25AQ
2024-09-15,The Jungle Book,1967,https://boxd.it/1YY2
2024-09-15,Pocahontas,1995,https://boxd.it/1W2g
2024-09-15,Atlantis: The Lost Empire,2001,https://boxd.it/1Vck
2024-09-15,The Lorax,2012,https://boxd.it/2w9M
2024-09-15,Rio,2011,https://boxd.it/NKc
2024-09-15,Rio 2,2014,https://boxd.it/5jfy
2024-09-15,Alvin and the Chipmunks,2007,https://boxd.it/21E0
2024-09-15,Curious George,2006,https://boxd.it/1Xos
2024-09-15,Pinocchio,1940,https://boxd.it/1V8C
2024-09-15,The Grinch,2018,https://boxd.it/chpK
2024-09-15,Dinosaur,2000,https://boxd.it/1VWi
2024-09-15,The Hunchback of Notre Dame,1996,https://boxd.it/1VZQ
2024-09-15,Hercules,1997,https://boxd.it/1SDW
2024-09-15,The Great Mouse Detective,1986,https://boxd.it/1XlI
2024-09-15,Robin Hood,1973,https://boxd.it/1SRa
2024-09-15,The Sword in the Stone,1963,https://boxd.it/1ZdG
2024-09-15,Minions,2015,https://boxd.it/6jCO
2024-09-15,Peter Pan,1953,https://boxd.it/1VCC
2024-09-15,The Jerk,1979,https://boxd.it/21EO
2024-09-15,Ponyo,2008,https://boxd.it/1S0A
2024-09-15,Poltergeist,1982,https://boxd.it/2a0o
2024-09-15,Everything Everywhere All at Once,2022,https://boxd.it/jUk4
2024-09-15,Coraline,2009,https://boxd.it/1NhQ
2024-09-15,Spider-Man,2002,https://boxd.it/2a8i
2024-09-15,A Clockwork Orange,1971,https://boxd.it/2aVE
2024-09-15,Spider-Man 2,2004,https://boxd.it/2a88
2024-09-16,Boy Kills World,2023,https://boxd.it/xhG4
2024-09-16,Your Lucky Day,2023,https://boxd.it/yOx2
2024-10-04,Kill Bill: Vol. 2,2004,https://boxd.it/2au4
2024-10-04,Upgrade,2018,https://boxd.it/i4gW
2024-10-17,Room,2015,https://boxd.it/7T0y
2024-10-17,Jurassic World,2015,https://boxd.it/4n0g
2024-10-17,Death Race 2000,1975,https://boxd.it/1QuI
2024-10-17,Bird on a Wire,1990,https://boxd.it/28dq
2024-11-19,Red One,2024,https://boxd.it/vTBM
2024-12-16,The Star Wars Holiday Special,1978,https://boxd.it/2yMw
2024-12-17,Jingle All the Way,1996,https://boxd.it/1Z58
2024-12-17,Anna and the Apocalypse,2017,https://boxd.it/gwcE
2024-12-17,Twisted,2004,https://boxd.it/1PSa
2024-12-17,Jumper,2008,https://boxd.it/20ss
2024-12-17,Pinocchio's Christmas,1980,https://boxd.it/CvU
2025-01-04,Nosferatu,2024,https://boxd.it/f5eG
2025-01-14,Love & Mercy,2014,https://boxd.it/8bd6
2025-01-15,2012,2009,https://boxd.it/1OE2
2025-01-15,Friends: The Reunion,2021,https://boxd.it/pOQq
2025-01-15,The Golden Compass,2007,https://boxd.it/272Q
2025-01-15,A Goofy Movie,1995,https://boxd.it/1Lwu
2025-01-15,Spaceballs,1987,https://boxd.it/29cy
2025-01-15,"Batman: The Dark Knight Returns, Part 1",2012,https://boxd.it/43Is
2025-01-15,The SpongeBob Movie: Sponge Out of Water,2015,https://boxd.it/6JxU
2025-01-15,"Mickey, Donald, Goofy: The Three Musketeers",2004,https://boxd.it/1BZc
2025-01-15,The Ant Bully,2006,https://boxd.it/1XyM
2025-01-16,Snack Shack,2024,https://boxd.it/DeKu
2025-01-16,A Complete Unknown,2024,https://boxd.it/oBYa
2025-01-19,Honey Boy,2019,https://boxd.it/ixvm
2025-01-20,The Little Mermaid,1989,https://boxd.it/1WYO
2025-01-20,The Many Adventures of Winnie the Pooh,1977,https://boxd.it/7l0Y
2025-01-20,Oliver & Company,1988,https://boxd.it/1Se8
2025-01-20,The Aristocats,1970,https://boxd.it/1X3Y
2025-01-20,One Hundred and One Dalmatians,1961,https://boxd.it/1SeC
2025-01-20,Lady and the Tramp,1955,https://boxd.it/1Wv8
2025-01-20,Alice in Wonderland,1951,https://boxd.it/1Sz6
2025-01-20,Home on the Range,2004,https://boxd.it/1PB4
2025-01-20,Dumbo,1941,https://boxd.it/1U2o
2025-01-20,The Fox and the Hound,1981,https://boxd.it/1V0o
2025-01-20,Grave of the Fireflies,1988,https://boxd.it/1RUM
2025-01-20,The Incredible Hulk,2008,https://boxd.it/28dU
2025-01-20,Thor: The Dark World,2013,https://boxd.it/2DqA
2025-01-20,The Graduate,1967,https://boxd.it/18Im
2025-01-20,A Real Pain,2024,https://boxd.it/CjNG
2025-01-20,The Beach Boys,2024,https://boxd.it/MdrE
2025-01-22,Little Miss Sunshine,2006,https://boxd.it/29EW
2025-01-22,Number 24,2024,https://boxd.it/KoWa
2025-01-27,Arcadian,2024,https://boxd.it/DOtu
2025-01-28,Funny Pages,2022,https://boxd.it/lrlm
2025-01-28,Between the Temples,2024,https://boxd.it/Gy1U
2025-01-31,Emilia Pérez,2024,https://boxd.it/AP3G
2025-01-31,The Fall Guy,2024,https://boxd.it/s0Bm
2025-01-31,The Equalizer,2014,https://boxd.it/4TUK
2025-01-31,Man on Fire,2004,https://boxd.it/1Yvk
2025-01-31,Fences,2016,https://boxd.it/dL6A
2025-02-04,Woman of the Hour,2023,https://boxd.it/vuz2
2025-02-07,Laserblast,1978,https://boxd.it/1HWI
2025-02-13,The Giver,2014,https://boxd.it/6HWo
2025-02-14,Wallace & Gromit: Vengeance Most Fowl,2024,https://boxd.it/z14C
2025-02-16,Oldboy,2003,https://boxd.it/29R2
2025-02-16,Lucy,2014,https://boxd.it/75hu
2025-02-16,Hawkeye,2021,https://boxd.it/xQqK
2025-02-16,Ender's Game,2013,https://boxd.it/2N9Y
2025-02-16,Hoosiers,1986,https://boxd.it/22Ke
2025-02-17,Captain America: Brave New World,2025,https://boxd.it/uYDm
2025-02-18,Chiefsaholic: A Wolf in Chiefs Clothing,2024,https://boxd.it/RCVO
2025-02-20,Avatar,2009,https://boxd.it/1Efm
2025-02-20,Pirates of the Caribbean: The Curse of the Black Pearl,2003,https://boxd.it/70G
2025-02-20,The Book of Life,2014,https://boxd.it/6JKY
2025-02-20,Wizards of Waverly Place: The Movie,2009,https://boxd.it/1thQ
2025-02-20,The Bourne Ultimatum,2007,https://boxd.it/26Eu
2025-02-20,The Adventures of Tintin,2011,https://boxd.it/1Irc
2025-02-20,Space Jam,1996,https://boxd.it/26YO
2025-02-20,Knocked Up,2007,https://boxd.it/23yS
2025-02-20,Sausage Party,2016,https://boxd.it/6CCe
2025-02-20,Sleeping with Other People,2015,https://boxd.it/8WPm
2025-02-20,Get Hard,2015,https://boxd.it/7Axe
2025-02-20,Blades of Glory,2007,https://boxd.it/1Xrm
2025-02-20,Kicking & Screaming,2005,https://boxd.it/1XnE
2025-02-20,SNL50: The Anniversary Special,2025,https://boxd.it/SUis
2025-02-21,Saturday Night,2024,https://boxd.it/Gpfo
2025-02-21,Memento,2000,https://boxd.it/2bcK
2025-02-22,Hundreds of Beavers,2022,https://boxd.it/CyUM
2025-02-23,Caddyshack,1980,https://boxd.it/1SCO
2025-02-23,Hot Rod,2007,https://boxd.it/1X9C
2025-02-23,Tropic Thunder,2008,https://boxd.it/20WM
2025-02-23,Pineapple Express,2008,https://boxd.it/1WRS
2025-02-23,The 40 Year Old Virgin,2005,https://boxd.it/21hK
2025-02-23,21 Jump Street,2012,https://boxd.it/J0
2025-02-23,Rise of the Planet of the Apes,2011,https://boxd.it/cS4
2025-02-23,Spider-Man 3,2007,https://boxd.it/2a7Y
2025-02-23,Blow Out,1981,https://boxd.it/1TlE
2025-02-23,Where the Wild Things Are,2009,https://boxd.it/1K0C
2025-02-23,"Good Morning, Vietnam",1987,https://boxd.it/29Aq
2025-02-23,The Crying Game,1992,https://boxd.it/1TYc
2025-02-23,Billy Elliot,2000,https://boxd.it/2bdy
2025-02-23,Rocketman,2019,https://boxd.it/iehK
2025-02-23,King Kong,2005,https://boxd.it/2aLa
2025-02-23,Fantastic Four,2015,https://boxd.it/5a9c
2025-02-23,Man on a Ledge,2012,https://boxd.it/FQm
2025-02-23,50/50,2011,https://boxd.it/10Tw
2025-02-23,Black Mirror: Nosedive,2016,https://boxd.it/hK9G
2025-02-23,Pete's Dragon,2016,https://boxd.it/9hza
2025-02-23,"Lock, Stock and Two Smoking Barrels",1998,https://boxd.it/2b92
2025-02-23,The Suicide Squad,2021,https://boxd.it/fw6O
2025-02-23,The Gentlemen,2019,https://boxd.it/iYBQ
2025-02-23,Aquaman,2018,https://boxd.it/9ru0
2025-02-23,Lion,2016,https://boxd.it/b2La
2025-02-24,G.I. Joe: The Rise of Cobra,2009,https://boxd.it/1Ndu
2025-02-24,Wicked,2024,https://boxd.it/e8ME
2025-02-24,Conclave,2024,https://boxd.it/AO8q
2025-02-24,The Death of Stalin,2017,https://boxd.it/ea9Y
2025-02-24,Spy Kids 2: The Island of Lost Dreams,2002,https://boxd.it/1Yyo
2025-02-24,Transformers: The Last Knight,2017,https://boxd.it/b8xo
2025-02-24,Monsters vs Aliens,2009,https://boxd.it/1M50
2025-02-25,I'm Still Here,2024,https://boxd.it/BPEO
2025-02-25,The Wild Robot,2024,https://boxd.it/IWFy
2025-02-26,Gravity,2013,https://boxd.it/GZY
2025-02-26,Children of Men,2006,https://boxd.it/1Y2i
2025-02-26,Tag,2018,https://boxd.it/gh7Y
2025-02-26,The Cat in the Hat,2003,https://boxd.it/1VSU
2025-02-26,The Theory of Everything,2014,https://boxd.it/7YtA
2025-02-26,Devil,2010,https://boxd.it/SX6
2025-02-26,Home Alone 2: Lost in New York,1992,https://boxd.it/29F6
2025-02-26,A Simple Favor,2018,https://boxd.it/hq92
2025-02-26,Moon,2009,https://boxd.it/1IGQ
2025-02-26,Super Size Me,2004,https://boxd.it/1YQC
2025-02-26,September 5,2024,https://boxd.it/JYsI
2025-02-27,Borat: Cultural Learnings of America for Make Benefit Glorious Nation of Kazakhstan,2006,https://boxd.it/2agQ
2025-02-27,The Last of the Mohicans,1992,https://boxd.it/1YSo
2025-02-28,Anora,2024,https://boxd.it/Egcw
2025-02-28,L.A. Confidential,1997,https://boxd.it/27oC
2025-02-28,The Peanut Butter Falcon,2019,https://boxd.it/gzu2
2025-02-28,Gerald's Game,2017,https://boxd.it/buKa
2025-02-28,Lord of War,2005,https://boxd.it/284y
2025-02-28,Collateral,2004,https://boxd.it/28F0
2025-02-28,Edge of Tomorrow,2014,https://boxd.it/4pD0
2025-02-28,Mission: Impossible,1996,https://boxd.it/29d2
2025-02-28,Mission: Impossible – Fallout,2018,https://boxd.it/bSVc
2025-02-28,Mission: Impossible – Rogue Nation,2015,https://boxd.it/5rI4
2025-02-28,The Outsiders,1983,https://boxd.it/2aPw
2025-02-28,Mission: Impossible II,2000,https://boxd.it/29cS
2025-03-02,Date Movie,2006,https://boxd.it/1X9M
2025-03-02,A Haunted House,2013,https://boxd.it/4sOU
2025-03-03,Sharktopus,2010,https://boxd.it/O8S
2025-03-03,A Haunted House 2,2014,https://boxd.it/5B5Q
2025-03-05,Hobo with a Shotgun,2011,https://boxd.it/H5s
2025-03-05,Flesh Gordon,1974,https://boxd.it/254U
2025-03-05,Conan the Barbarian,1982,https://boxd.it/1YOm
2025-03-06,The DUFF,2015,https://boxd.it/8eP8
2025-03-06,Fractured,2019,https://boxd.it/kPL2
2025-03-06,I Lost My Body,2019,https://boxd.it/lAYs
2025-03-06,Batman: Assault on Arkham,2014,https://boxd.it/787M
2025-03-06,Midnight Run,1988,https://boxd.it/1ZnQ
2025-03-06,Run Lola Run,1998,https://boxd.it/2b8o
2025-03-06,Tall Girl,2019,https://boxd.it/n9yG
2025-03-06,Airplane!,1980,https://boxd.it/29yu
2025-03-07,Kimi,2022,https://boxd.it/u7LW
2025-03-07,The Nut Job,2014,https://boxd.it/6IWa
2025-03-07,Bone Tomahawk,2015,https://boxd.it/9kiw
2025-03-09,Mickey 17,2025,https://boxd.it/q1Dk
2025-03-10,Almost Famous,2000,https://boxd.it/29CQ
2025-03-11,Playground,2021,https://boxd.it/twRI
2025-03-11,Nickel Boys,2024,https://boxd.it/CStQ
2025-03-12,Greedy People,2024,https://boxd.it/ANiu
2025-03-12,Premium Rush,2012,https://boxd.it/FQw
2025-03-12,Brick,2005,https://boxd.it/1Z6A
2025-03-13,Cowboys & Aliens,2011,https://boxd.it/F2G
2025-03-13,Star Wars,1977,https://boxd.it/72s
2025-03-14,Wind River,2017,https://boxd.it/dR3i
2025-03-14,Fargo,1996,https://boxd.it/2aHM
2025-03-21,The Running Man,1987,https://boxd.it/29q6
2025-03-26,Rubber,2010,https://boxd.it/P2m
2025-03-26,Clueless,1995,https://boxd.it/1Ygk
2025-03-27,Blazing Saddles,1974,https://boxd.it/1UHQ
2025-03-27,Modern Times,1936,https://boxd.it/25MC
2025-03-27,The Wizard of Oz,1939,https://boxd.it/29Xu
2025-03-27,Pretty Woman,1990,https://boxd.it/2b6M
2025-03-27,Who Framed Roger Rabbit,1988,https://boxd.it/29ry
2025-03-29,Plus One,2019,https://boxd.it/inpo
2025-04-01,The Electric State,2025,https://boxd.it/tev0
2025-04-06,Ichi the Killer,2001,https://boxd.it/1Y1O
2025-04-07,Interstella 5555: The 5tory of the 5ecret 5tar 5ystem,2003,https://boxd.it/1ULy
2025-04-08,Soylent Green,1973,https://boxd.it/1SxE
2025-04-09,Look Back,2024,https://boxd.it/LjA6
2025-04-10,Aliens in the Attic,2009,https://boxd.it/1COY
2025-04-10,Now You See Me,2013,https://boxd.it/2Bsu
2025-04-10,The Way Way Back,2013,https://boxd.it/4Gwq
2025-04-10,About a Boy,2002,https://boxd.it/2aMC
2025-04-10,Monty Python and the Holy Grail,1975,https://boxd.it/29GI
2025-04-10,A Streetcar Named Desire,1951,https://boxd.it/29Mc
2025-04-10,Hoodwinked!,2005,https://boxd.it/1UVS
2025-04-10,Fritz the Cat,1972,https://boxd.it/1RCI
2025-04-11,Save the Green Planet!,2003,https://boxd.it/1Uco
2025-04-11,Tomorrowland,2015,https://boxd.it/4YaC
2025-04-11,Source Code,2011,https://boxd.it/fdo
2025-04-11,The Thing,1982,https://boxd.it/294O
2025-04-11,Clue,1985,https://boxd.it/1MDQ
2025-04-12,Flow,2024,https://boxd.it/v1Ei
2025-04-14,The Call,2013,https://boxd.it/4Xgu
2025-04-15,Smokin' Aces,2006,https://boxd.it/20Ri
2025-04-15,The Cat Returns,2002,https://boxd.it/1Mne
2025-04-15,Who Killed Captain Alex?,2010,https://boxd.it/adJ8
2025-04-17,National Treasure,2004,https://boxd.it/27x0
2025-04-17,The Day After Tomorrow,2004,https://boxd.it/2aog
2025-04-17,Scooby-Doo,2002,https://boxd.it/1YaQ
2025-04-17,The Bourne Supremacy,2004,https://boxd.it/26EE
2025-04-17,The Lion King 1½,2004,https://boxd.it/1TRg
2025-04-17,Charlie and the Chocolate Factory,2005,https://boxd.it/2b68
2025-04-17,Zathura: A Space Adventure,2005,https://boxd.it/21mq
2025-04-17,The Gingerdead Man,2005,https://boxd.it/1s7g
2025-04-17,The Devil Wears Prada,2006,https://boxd.it/2awE
2025-04-17,Hugo,2011,https://boxd.it/R08
2025-04-17,Puss in Boots,2011,https://boxd.it/eL34
2025-04-17,Warrior,2011,https://boxd.it/i3G
2025-04-17,Hanna,2011,https://boxd.it/DBE
2025-04-17,Black Mirror: The Entire History of You,2011,https://boxd.it/hQZ4
2025-04-17,The Green Hornet,2011,https://boxd.it/10TQ
2025-04-17,The Pianist,2002,https://boxd.it/2aqc
2025-04-17,It's a Wonderful Life,1946,https://boxd.it/28xA
2025-04-17,Taken,2008,https://boxd.it/1ZXa
2025-04-17,The Incident,1967,https://boxd.it/25w
2025-04-22,The Game,1997,https://boxd.it/26vC
2025-04-24,Nurse Sherri,1977,https://boxd.it/3P10
2025-04-24,Spy Kids,2001,https://boxd.it/1Xcw
2025-04-24,Not Another Teen Movie,2001,https://boxd.it/1TWq
2025-04-24,Scooby-Doo and the Cyber Chase,2001,https://boxd.it/1LTy
2025-04-24,Monkeybone,2001,https://boxd.it/1yVm
2025-04-24,Chronicle,2012,https://boxd.it/2Emk
2025-04-24,Creed,2015,https://boxd.it/a2qk
2025-04-24,Life of Pi,2012,https://boxd.it/37pC
2025-04-25,Se7en,1995,https://boxd.it/29zs
2025-04-25,Sinners,2025,https://boxd.it/KQMM
2025-04-29,Xtro,1982,https://boxd.it/1v1q
2025-04-30,R.I.P.D.,2013,https://boxd.it/FQQ
2025-04-30,Blue Ruin,2013,https://boxd.it/5H8G
2025-04-30,Santa Claus Is Comin' to Town,1970,https://boxd.it/1QfI
2025-04-30,Jack Frost,1979,https://boxd.it/1tGm
2025-04-30,Rudolph's Shiny New Year,1976,https://boxd.it/1m3i
2025-05-02,Beavis and Butt-Head Do America,1996,https://boxd.it/25zo
2025-05-03,Amélie,2001,https://boxd.it/2aUc
2025-05-05,The Powerpuff Girls Movie,2002,https://boxd.it/ibg
2025-05-05,Twilight,2008,https://boxd.it/1Zui
2025-05-06,Trap,2024,https://boxd.it/D4nK
2025-05-07,Seven Samurai,1954,https://boxd.it/2axi
2025-05-08,Come and See,1985,https://boxd.it/1w9q
2025-05-08,Ilsa: Harem Keeper of the Oil Sheiks,1976,https://boxd.it/20XA
2025-05-12,Thriller: A Cruel Picture,1973,https://boxd.it/1MZs
2025-05-13,The Foot Fist Way,2006,https://boxd.it/1Q4U
2025-05-14,Tombstone,1993,https://boxd.it/1SE6
2025-05-14,Monty Python's The Meaning of Life,1983,https://boxd.it/249E
2025-05-14,Bo Burnham: The Inside Outtakes,2022,https://boxd.it/C0h2
2025-05-14,Brothers,2024,https://boxd.it/mNdQ
2025-05-15,Poor Things,2023,https://boxd.it/tNWU
2025-05-15,The Town,2010,https://boxd.it/1zyS
2025-05-16,The Secret World of Arrietty,2010,https://boxd.it/AF4
2025-05-16,My Neighbor Totoro,1988,https://boxd.it/20eA
2025-05-16,Prey,2022,https://boxd.it/sNBU
2025-05-17,Thunderbolts*,2025,https://boxd.it/BfbQ
2025-05-18,Ran,1985,https://boxd.it/1Tlu
2025-05-19,A Fish Called Wanda,1988,https://boxd.it/29YC
2025-05-22,Tetris,2023,https://boxd.it/rePK
2025-05-23,Juno,2007,https://boxd.it/210a
2025-05-23,Love Actually,2003,https://boxd.it/2aeU
2025-05-23,Elf,2003,https://boxd.it/1VyK
2025-05-23,Freaky Friday,2003,https://boxd.it/1WwK
2025-05-23,The Bourne Identity,2002,https://boxd.it/26EO
2025-05-23,Fantastic Four,2005,https://boxd.it/1XVw
2025-05-23,Surf's Up,2007,https://boxd.it/1YKY
2025-05-23,The Blind Side,2009,https://boxd.it/1zWg
2025-05-23,The Room,2003,https://boxd.it/1ICY
2025-05-27,Beetlejuice,1988,https://boxd.it/24QI
2025-05-27,The Breakfast Club,1985,https://boxd.it/27q4
2025-05-27,The Odd Life of Timothy Green,2012,https://boxd.it/2pT4
2025-05-27,Inside Moves,1980,https://boxd.it/13wg
2025-05-28,The Witches,1990,https://boxd.it/1WVg
2025-05-28,Altered States,1980,https://boxd.it/1TBi
2025-05-29,Ted 2,2015,https://boxd.it/6oCY
2025-05-29,True Lies,1994,https://boxd.it/19pq
2025-05-29,The Fog,1980,https://boxd.it/29Cc
2025-05-30,The Wrong Trousers,1993,https://boxd.it/2ack
2025-06-02,Raging Bull,1980,https://boxd.it/28yI
2025-06-02,Terror Train,1980,https://boxd.it/10uQ
2025-06-03,The Tune,1992,https://boxd.it/ZFS
2025-06-03,American Gigolo,1980,https://boxd.it/26l8
2025-06-04,Cha Cha Real Smooth,2022,https://boxd.it/uF8E
2025-06-05,The Adventures of Ichabod and Mr. Toad,1949,https://boxd.it/1Q7E
2025-06-05,Smiley Face,2007,https://boxd.it/1QG0
2025-06-06,Student Bodies,1981,https://boxd.it/1BMi
2025-06-06,Prom Night,1980,https://boxd.it/1aeS
2025-06-06,Mad God,2021,https://boxd.it/vVPm
2025-06-07,Frogs,1972,https://boxd.it/1HfO
2025-06-09,The Parent Trap,1998,https://boxd.it/1XJq
2025-06-09,Brooklyn,2015,https://boxd.it/5bdk
2025-06-09,Ordinary People,1980,https://boxd.it/1JTm
2025-06-09,The Elephant Man,1980,https://boxd.it/27LQ
2025-06-10,The Overnight,2015,https://boxd.it/9QQq
2025-06-12,This Means War,2012,https://boxd.it/hba
2025-06-12,"Batman: The Dark Knight Returns, Part 2",2013,https://boxd.it/4xzg
2025-06-12,Paths of Glory,1957,https://boxd.it/29b6
2025-06-13,Scanners,1981,https://boxd.it/1YqE
2025-06-13,Whisper of the Heart,1995,https://boxd.it/17uy
2025-06-14,Phineas and Ferb The Movie: Across the 2nd Dimension,2011,https://boxd.it/2ql8
2025-06-14,War Horse,2011,https://boxd.it/nf8
2025-06-14,The King's Speech,2010,https://boxd.it/dX0
2025-06-17,The Insider,1999,https://boxd.it/1ZoE
2025-06-17,Sherlock Jr.,1924,https://boxd.it/298m
2025-06-18,American Beauty,1999,https://boxd.it/71Y
2025-06-19,Frankenweenie,2012,https://boxd.it/bPS
2025-06-19,Pleasantville,1998,https://boxd.it/26uY
2025-06-23,Batman: Mask of the Phantasm,1993,https://boxd.it/1N6S
2025-06-25,Wolfwalkers,2020,https://boxd.it/fGrC
2025-06-25,Seabiscuit,2003,https://boxd.it/24iw
2025-06-25,The Green Mile,1999,https://boxd.it/2agG
2025-06-26,Office Space,1999,https://boxd.it/28Em
2025-06-27,Trainspotting,1996,https://boxd.it/29XY
2025-06-27,The Prestige,2006,https://boxd.it/293w
2025-06-28,But I'm a Cheerleader,1999,https://boxd.it/1CW4
2025-06-29,Once Upon a Time... in Hollywood,2019,https://boxd.it/gH0O
2025-06-30,Go,1999,https://boxd.it/1YHA
2025-07-02,Elemental,2023,https://boxd.it/ASiE
2025-07-02,F1,2025,https://boxd.it/yjVM
2025-07-02,We're the Millers,2013,https://boxd.it/4srQ
2025-07-02,The Straight Story,1999,https://boxd.it/2ass
2025-07-03,Lightyear,2022,https://boxd.it/qV1G
2025-07-04,Batman Returns,1992,https://boxd.it/2awa
2025-07-05,How to Train Your Dragon,2025,https://boxd.it/F7Je
2025-07-08,10 Things I Hate About You,1999,https://boxd.it/23AO
2025-07-09,Say Anything...,1989,https://boxd.it/27B2
2025-07-09,The Matrix,1999,https://boxd.it/2a1m
2025-07-10,12 Angry Men,1957,https://boxd.it/2auI
2025-07-11,Superman,2025,https://boxd.it/E9IU
2025-07-13,Justice League: Doom,2012,https://boxd.it/2DVe
2025-07-13,The Hurricane,1999,https://boxd.it/1Wmg
2025-07-14,"Mystery, Alaska",1999,https://boxd.it/1MDG
2025-07-15,Frankie Freako,2024,https://boxd.it/GDkM
2025-07-15,Kingpin,1996,https://boxd.it/1TB8
2025-07-15,The Ox-Bow Incident,1943,https://boxd.it/29ai
2025-07-16,She's Out of My League,2010,https://boxd.it/1eww
2025-07-16,My Big Fat Greek Wedding,2002,https://boxd.it/20k4
2025-07-17,Yor: The Hunter from the Future,1983,https://boxd.it/16uW
2025-07-19,City of God,2002,https://boxd.it/2a2a
2025-07-20,Dr. Strangelove or: How I Learned to Stop Worrying and Love the Bomb,1964,https://boxd.it/29eY
2025-07-21,Varsity Blues,1999,https://boxd.it/1Nxu
2025-07-22,Dog Day Afternoon,1975,https://boxd.it/29bg
2025-07-23,Flora and Son,2023,https://boxd.it/E63u
2025-07-23,Black Mirror: White Bear,2013,https://boxd.it/hRpG
2025-07-23,Black Mirror: Be Right Back,2013,https://boxd.it/hRpw
2025-07-23,Black Mirror: White Christmas,2014,https://boxd.it/B3qu
2025-07-23,Black Mirror: Playtest,2016,https://boxd.it/hRR6
2025-07-23,Black Mirror: Shut Up and Dance,2016,https://boxd.it/hRRq
2025-07-23,Black Mirror: USS Callister,2017,https://boxd.it/hQXi
2025-07-23,Black Mirror: Metalhead,2017,https://boxd.it/hRqk
2025-07-24,Cooties,2014,https://boxd.it/76Ry
2025-07-24,Scouts Guide to the Zombie Apocalypse,2015,https://boxd.it/8i6Q
2025-07-24,A Close Shave,1995,https://boxd.it/2aca
2025-07-24,Safe Men,1998,https://boxd.it/1KHQ
2025-07-25,Vertigo,1958,https://boxd.it/2apI
2025-07-29,Happy Gilmore 2,2025,https://boxd.it/M8PQ
2025-07-29,Boxcar Bertha,1972,https://boxd.it/1A58
2025-08-01,Face/Off,1997,https://boxd.it/29I0
2025-08-03,Five Corners,1987,https://boxd.it/2pQk
2025-08-04,Animal Kingdom,2010,https://boxd.it/Ru8
2025-08-05,Wonderwall,1968,https://boxd.it/13YO
2025-08-05,Castle in the Sky,1986,https://boxd.it/1W4G
2025-08-06,The Fantastic 4: First Steps,2025,https://boxd.it/mP6C
2025-08-07,Mary and Max,2009,https://boxd.it/1y2m
2025-08-07,Blackenstein,1973,https://boxd.it/25C8
2025-08-07,It's Alive,1974,https://boxd.it/1q8c
2025-08-07,Weird Science,1985,https://boxd.it/1T1O
2025-08-07,The Hidden,1987,https://boxd.it/1RUW
2025-08-08,Nacho Libre,2006,https://boxd.it/1YTG
2025-08-09,Wyrmwood: Road of the Dead,2014,https://boxd.it/97fO
2025-08-11,Legend,1985,https://boxd.it/1SCY
2025-08-12,Wolfs,2024,https://boxd.it/x6zG
2025-08-12,I Married a Witch,1942,https://boxd.it/1uJG
2025-08-13,From Up on Poppy Hill,2011,https://boxd.it/2VCa
2025-08-14,Zodiac,2007,https://boxd.it/27MO
2025-08-15,Weapons,2025,https://boxd.it/EMTM
2025-08-15,The Conversation,1974,https://boxd.it/2a38
2025-08-20,Valley Girl,1983,https://boxd.it/1FNa
2025-08-21,The Seventh Seal,1957,https://boxd.it/2ahO
2025-08-21,Punch-Drunk Love,2002,https://boxd.it/20E4
2025-08-23,Sexy Beast,2000,https://boxd.it/1SZS
2025-08-23,From Dusk Till Dawn,1996,https://boxd.it/29HQ
2025-08-25,Sing Sing,2023,https://boxd.it/HIBA
2025-08-26,Planet of the Apes,1968,https://boxd.it/29p8
2025-08-26,Beneath the Planet of the Apes,1970,https://boxd.it/28j4
2025-08-26,Stuart Little,1999,https://boxd.it/1WZW
2025-08-26,Noelle,2019,https://boxd.it/gdzE
2025-08-26,National Lampoon's Christmas Vacation,1989,https://boxd.it/22wQ
2025-08-26,E.T. the Extra-Terrestrial,1982,https://boxd.it/2a1G
2025-08-26,Grease,1978,https://boxd.it/29YW
2025-08-26,Willy Wonka & the Chocolate Factory,1971,https://boxd.it/2aLu
2025-08-26,3 Ninjas,1992,https://boxd.it/1KmI
2025-08-27,The Player,1992,https://boxd.it/1WlM
2025-08-27,Heat,1995,https://boxd.it/2bg8
2025-08-28,The Party,1968,https://boxd.it/1VnC
2025-08-29,Lost in Translation,2003,https://boxd.it/2b0E
2025-09-02,Rudolph the Red-Nosed Reindeer,1964,https://boxd.it/1Qis
2025-09-02,Grandma Got Run Over by a Reindeer,2000,https://boxd.it/Bbu
2025-09-02,Paper Moon,1973,https://boxd.it/1Ud2
2025-09-08,The Parallax View,1974,https://boxd.it/1ILG
2025-09-10,The Pacifier,2005,https://boxd.it/1Xhm
2025-09-11,Bubba Ho-tep,2002,https://boxd.it/1Y02
2025-09-11,Phantasm,1979,https://boxd.it/1YaG
2025-09-12,Network,1976,https://boxd.it/1VqG
2025-09-15,A Little Romance,1979,https://boxd.it/1CSc
2025-09-15,Awakenings,1990,https://boxd.it/1USu
2025-09-15,"Game Over, Man!",2018,https://boxd.it/gjaK
2025-09-17,Pokémon: The First Movie,1998,https://boxd.it/1WLA
2025-09-23,My Neighbors the Yamadas,1999,https://boxd.it/1KC2
2025-09-25,God Help the Girl,2014,https://boxd.it/7dCq
2025-09-26,The Jericho Mile,1979,https://boxd.it/msU
2025-09-29,Deadly Weapons,1974,https://boxd.it/Csm
2025-10-01,Chinatown,1974,https://boxd.it/29vU
2025-10-02,One Battle After Another,2025,https://boxd.it/DUHM
2025-10-03,Serpico,1973,https://boxd.it/1ZjE
2025-10-03,Klute,1971,https://boxd.it/2ako
2025-10-06,Duck Soup,1933,https://boxd.it/25PG
2025-10-07,Trick 'r Treat,2007,https://boxd.it/1zvE
2025-10-08,The Night Evelyn Came Out of the Grave,1971,https://boxd.it/WKA
2025-10-09,The Texas Chain Saw Massacre,1974,https://boxd.it/1lcS
2025-10-11,You're Next,2011,https://boxd.it/2WWK
2025-10-12,Scream,1996,https://boxd.it/24EC
2025-10-13,Scary Godmother: Halloween Spooktakular,2003,https://boxd.it/Ia4
2025-10-14,The Descent,2005,https://boxd.it/1YNy
2025-10-14,Over the Garden Wall,2014,https://boxd.it/eqFw
2025-10-14,The Stepford Wives,1975,https://boxd.it/1Sfq
2025-10-15,The Fly,1986,https://boxd.it/1YIe
2025-10-16,The Substance,2024,https://boxd.it/zanS
2025-10-16,Death of a Unicorn,2025,https://boxd.it/HCPm
2025-10-17,Scooby-Doo! and the Reluctant Werewolf,1988,https://boxd.it/18Nm
2025-10-17,Midsommar,2019,https://boxd.it/jhxe
2025-10-19,Manhunter,1986,https://boxd.it/1TOw
2025-10-21,It's What's Inside,2024,https://boxd.it/DOV4
2025-10-22,Bram Stoker's Dracula,1992,https://boxd.it/223a
2025-10-22,I Care a Lot,2020,https://boxd.it/mcHk
2025-10-23,Children Shouldn't Play with Dead Things,1972,https://boxd.it/1CQK
2025-10-24,Alien,1979,https://boxd.it/2awY
2025-10-25,Chainsaw Man – The Movie: Reze Arc,2025,https://boxd.it/Kgyu
2025-10-25,Braindead,1992,https://boxd.it/29Gy
2025-10-28,Halloween,1978,https://boxd.it/2wRu
2025-10-29,Don't Look in the Basement,1973,https://boxd.it/1yjM
2025-10-30,Halloweentown,1998,https://boxd.it/1qPq
2025-10-30,Hocus Pocus,1993,https://boxd.it/1Wgi
2025-10-31,Rosemary's Baby,1968,https://boxd.it/29zM
2025-11-04,Isle of Dogs,2018,https://boxd.it/dZrW
2025-11-04,The Warriors,1979,https://boxd.it/1TLC
2025-11-05,King of New York,1990,https://boxd.it/1Ynq
2025-11-07,The Naked Gun,2025,https://boxd.it/Da9k
2025-11-18,Edward Scissorhands,1990,https://boxd.it/2aZc
2025-11-21,Small Things Like These,2024,https://boxd.it/FHIm
2025-11-24,Labyrinth,1986,https://boxd.it/1POC
2025-11-26,Legend of the Guardians: The Owls of Ga'Hoole,2010,https://boxd.it/ZUy
2025-11-26,Killer's Kiss,1955,https://boxd.it/1Xcc
2025-11-30,Sorcerer,1977,https://boxd.it/14J6
2025-12-01,The Incredible Melting Man,1977,https://boxd.it/12aI
2025-12-01,Don't Worry Darling,2022,https://boxd.it/mViu
2025-12-01,Sisu: Road to Revenge,2025,https://boxd.it/Ksny
2025-12-02,Krampus,2015,https://boxd.it/8Wy6
2025-12-03,Wicked: For Good,2025,https://boxd.it/AyfK
2025-12-04,Alice in Wonderland,2010,https://boxd.it/1Spq
2025-12-04,The Hobbit: The Battle of the Five Armies,2014,https://boxd.it/43aU
2025-12-05,A Christmas Prince,2017,https://boxd.it/hmCO
2025-12-05,A Christmas Story,1983,https://boxd.it/29sw
2025-12-05,Bad Santa,2003,https://boxd.it/1WYk
2025-12-08,Gremlins,1984,https://boxd.it/29gg
2025-12-09,Batman: The Killing Joke,2016,https://boxd.it/djxe
2025-12-09,A Muppet Family Christmas,1987,https://boxd.it/1Qy6
2025-12-13,Scrooged,1988,https://boxd.it/1Y9e
2025-12-14,The Christmas Tree,1991,https://boxd.it/9Tpi
2025-12-15,Four Christmases,2008,https://boxd.it/1SjM
2025-12-17,The Apartment,1960,https://boxd.it/2aGE
2025-12-18,The Christmas Contract,2018,https://boxd.it/k7cM
2025-12-19,Tokyo Godfathers,2003,https://boxd.it/1Qg2
2025-12-22,Solo: A Star Wars Story,2018,https://boxd.it/bGWs
2025-12-24,Miracle on 34th Street,1994,https://boxd.it/1W5k
2025-12-27,Marty Supreme,2025,https://boxd.it/Off0
2025-12-28,Wake Up Dead Man,2025,https://boxd.it/uAKS
2025-12-28,Black Bag,2025,https://boxd.it/KRbM
2025-12-29,Sovereign,2025,https://boxd.it/GIP6
2025-12-29,Everybody Wants Some!!,2016,https://boxd.it/9mgM
2026-01-03,Warfare,2025,https://boxd.it/LbRo
2026-01-03,The Rapsittie Street Kids: Believe in Santa,2002,https://boxd.it/eAJe
2026-01-04,Train Dreams,2025,https://boxd.it/LdDo
2026-01-05,The Edge of Seventeen,2016,https://boxd.it/d5nu
2026-01-06,Frankenstein,2025,https://boxd.it/Ecsg
2026-01-06,Pom Poko,1994,https://boxd.it/1Mvi
2026-01-07,Train to Busan,2016,https://boxd.it/dSQU
2026-01-08,Bugonia,2025,https://boxd.it/qeWY
2026-01-08,Shiva Baby,2020,https://boxd.it/oIv0
2026-01-09,Daisies,1966,https://boxd.it/LZk
2026-01-09,Rear Window,1954,https://boxd.it/2a6Q
2026-01-11,Zootopia 2,2025,https://boxd.it/F0vO
2026-01-12,Moonlight,2016,https://boxd.it/d6bE
2026-01-13,Jay Kelly,2025,https://boxd.it/EsWw
2026-01-14,Blue Moon,2025,https://boxd.it/Nzwy
2026-01-15,Companion,2025,https://boxd.it/F04o
2026-01-16,Dazed and Confused,1993,https://boxd.it/1Ylk
2026-01-20,The Rip,2026,https://boxd.it/NP5y
2026-01-21,Beast of War,2025,https://boxd.it/LjAg
2026-01-22,Freaky Tales,2024,https://boxd.it/B0MC
2026-01-23,Sentimental Value,2025,https://boxd.it/GwcG
2026-01-23,If I Had Legs I'd Kick You,2025,https://boxd.it/HUtS
2026-01-23,Ballad of a Small Player,2025,https://boxd.it/MuZ4
2026-01-25,Elio,2025,https://boxd.it/CFr8
2026-01-25,Two People Exchanging Saliva,2024,https://boxd.it/PM3e
2026-01-28,KPop Demon Hunters,2025,https://boxd.it/ufwK
2026-01-29,Hamnet,2025,https://boxd.it/woVy
2026-01-29,Bob Trevino Likes It,2024,https://boxd.it/IlUG
2026-01-30,Song Sung Blue,2025,https://boxd.it/QMqO
2026-02-05,Thief,1981,https://boxd.it/1TEc
2026-02-05,The Return of the Texas Chainsaw Massacre,1995,https://boxd.it/1JH6
2026-02-06,The Pursuit of Happyness,2006,https://boxd.it/28PE
